SITE,ORIGIN,IGBP,LAT,LON,ELEVATION,_DIRNAME_FXN,_DIRPATH_FXN,_DIRNAME_ICOS,_DIRPATH_ICOS,_FILEPATH_ICOS,_FILEPATH_FXN,_FILEPATH_PARQUET
BE-Bra,ICOS+FLUXNET,ENF,51.30761,4.51984,16.0,FLX_BE-Bra_FLUXNET2015_FULLSET_1996-2020_beta-3,F:\Sync\luhk_work\40 - DATA\Datasets\2024 - FLUXNET ICOS FORESTS\ENF\FLX_BE-Bra_FLUXNET2015_FULLSET_1996-2020_beta-3,ICOSETC_BE-Bra_ARCHIVE_L2,F:\Sync\luhk_work\40 - DATA\Datasets\2024 - FLUXNET ICOS FORESTS\ENF\ICOSETC_BE-Bra_ARCHIVE_L2,F:\Sync\luhk_work\40 - DATA\Datasets\2024 - FLUXNET ICOS FORESTS\ENF\ICOSETC_BE-Bra_ARCHIVE_L2\ICOSETC_BE-Bra_FLUXNET_HH_L2.csv,F:\Sync\luhk_work\40 - DATA\Datasets\2024 - FLUXNET ICOS FORESTS\ENF\FLX_BE-Bra_FLUXNET2015_FULLSET_1996-2020_beta-3\FLX_BE-Bra_FLUXNET2015_FULLSET_HH_1996-2020_beta-3.csv,F:\Sync\luhk_work\40 - DATA\Datasets\2024 - FLUXNET ICOS FORESTS\PARQUET_MERGED\DATA-MERGED_BE-Bra_ENF_ICOS+FXN_1996-2023.parquet
BE-Lcr,ICOS+FLUXNET,DBF,51.11218,3.85043,6.25,FLX_BE-Lcr_FLUXNET2015_FULLSET_2019-2022_1-3,F:\Sync\luhk_work\40 - DATA\Datasets\2024 - FLUXNET ICOS FORESTS\DBF\FLX_BE-Lcr_FLUXNET2015_FULLSET_2019-2022_1-3,ICOSETC_BE-Lcr_ARCHIVE_L2,F:\Sync\luhk_work\40 - DATA\Datasets\2024 - FLUXNET ICOS FORESTS\DBF\ICOSETC_BE-Lcr_ARCHIVE_L2,F:\Sync\luhk_work\40 - DATA\Datasets\2024 - FLUXNET ICOS FORESTS\DBF\ICOSETC_BE-Lcr_ARCHIVE_L2\ICOSETC_BE-Lcr_FLUXNET_HH_L2.csv,F:\Sync\luhk_work\40 - DATA\Datasets\2024 - FLUXNET ICOS FORESTS\DBF\FLX_BE-Lcr_FLUXNET2015_FULLSET_2019-2022_1-3\FLX_BE-Lcr_FLUXNET2015_FULLSET_HH_2019-2022_1-3.csv,F:\Sync\luhk_work\40 - DATA\Datasets\2024 - FLUXNET ICOS FORESTS\PARQUET_MERGED\DATA-MERGED_BE-Lcr_DBF_ICOS+FXN_2019-2022.parquet
BE-Vie,ICOS+FLUXNET,MF,50.304962,5.998099,490.0,FLX_BE-Vie_FLUXNET2015_FULLSET_1996-2020_beta-3,F:\Sync\luhk_work\40 - DATA\Datasets\2024 - FLUXNET ICOS FORESTS\MF\FLX_BE-Vie_FLUXNET2015_FULLSET_1996-2020_beta-3,ICOSETC_BE-Vie_ARCHIVE_L2,F:\Sync\luhk_work\40 - DATA\Datasets\2024 - FLUXNET ICOS FORESTS\MF\ICOSETC_BE-Vie_ARCHIVE_L2,F:\Sync\luhk_work\40 - DATA\Datasets\2024 - FLUXNET ICOS FORESTS\MF\ICOSETC_BE-Vie_ARCHIVE_L2\ICOSETC_BE-Vie_FLUXNET_HH_L2.csv,F:\Sync\luhk_work\40 - DATA\Datasets\2024 - FLUXNET ICOS FORESTS\MF\FLX_BE-Vie_FLUXNET2015_FULLSET_1996-2020_beta-3\FLX_BE-Vie_FLUXNET2015_FULLSET_HH_1996-2020_beta-3.csv,F:\Sync\luhk_work\40 - DATA\Datasets\2024 - FLUXNET ICOS FORESTS\PARQUET_MERGED\DATA-MERGED_BE-Vie_MF_ICOS+FXN_1996-2023.parquet
CD-Ygb,ICOS+FLUXNET,MF,0.814444,24.502472,466.0,FLX_CD-Ygb_FLUXNET2015_FULLSET_2020-2023_1-3,F:\Sync\luhk_work\40 - DATA\Datasets\2024 - FLUXNET ICOS FORESTS\MF\FLX_CD-Ygb_FLUXNET2015_FULLSET_2020-2023_1-3,ICOSETC_CD-Ygb_ARCHIVE_L2,F:\Sync\luhk_work\40 - DATA\Datasets\2024 - FLUXNET ICOS FORESTS\MF\ICOSETC_CD-Ygb_ARCHIVE_L2,F:\Sync\luhk_work\40 - DATA\Datasets\2024 - FLUXNET ICOS FORESTS\MF\ICOSETC_CD-Ygb_ARCHIVE_L2\ICOSETC_CD-Ygb_FLUXNET_HH_L2.csv,F:\Sync\luhk_work\40 - DATA\Datasets\2024 - FLUXNET ICOS FORESTS\MF\FLX_CD-Ygb_FLUXNET2015_FULLSET_2020-2023_1-3\FLX_CD-Ygb_FLUXNET2015_FULLSET_HH_2020-2023_1-3.csv,F:\Sync\luhk_work\40 - DATA\Datasets\2024 - FLUXNET ICOS FORESTS\PARQUET_MERGED\DATA-MERGED_CD-Ygb_MF_ICOS+FXN_2020-2023.parquet
CH-Dav,ICOS+FLUXNET,ENF,46.81533,9.85591,1689.0,FLX_CH-Dav_FLUXNET2015_FULLSET_1997-2020_beta-3,F:\Sync\luhk_work\40 - DATA\Datasets\2024 - FLUXNET ICOS FORESTS\ENF\FLX_CH-Dav_FLUXNET2015_FULLSET_1997-2020_beta-3,ICOSETC_CH-Dav_ARCHIVE_L2,F:\Sync\luhk_work\40 - DATA\Datasets\2024 - FLUXNET ICOS FORESTS\ENF\ICOSETC_CH-Dav_ARCHIVE_L2,F:\Sync\luhk_work\40 - DATA\Datasets\2024 - FLUXNET ICOS FORESTS\ENF\ICOSETC_CH-Dav_ARCHIVE_L2\ICOSETC_CH-Dav_FLUXNET_HH_L2.csv,F:\Sync\luhk_work\40 - DATA\Datasets\2024 - FLUXNET ICOS FORESTS\ENF\FLX_CH-Dav_FLUXNET2015_FULLSET_1997-2020_beta-3\FLX_CH-Dav_FLUXNET2015_FULLSET_HH_1997-2020_beta-3.csv,F:\Sync\luhk_work\40 - DATA\Datasets\2024 - FLUXNET ICOS FORESTS\PARQUET_MERGED\DATA-MERGED_CH-Dav_ENF_ICOS+FXN_1997-2023.parquet
CH-Lae,FLUXNET,MF,47.478333,8.364389,,FLX_CH-Lae_FLUXNET2015_FULLSET_2004-2023_1-3,F:\Sync\luhk_work\40 - DATA\Datasets\2024 - FLUXNET ICOS FORESTS\MF\FLX_CH-Lae_FLUXNET2015_FULLSET_2004-2023_1-3,,,,F:\Sync\luhk_work\40 - DATA\Datasets\2024 - FLUXNET ICOS FORESTS\MF\FLX_CH-Lae_FLUXNET2015_FULLSET_2004-2023_1-3\FLX_CH-Lae_FLUXNET2015_FULLSET_HH_2004-2023_1-3.csv,F:\Sync\luhk_work\40 - DATA\Datasets\2024 - FLUXNET ICOS FORESTS\PARQUET_MERGED\DATA-MERGED_CH-Lae_MF_FXN_2004-2023.parquet
CZ-BK1,ICOS+FLUXNET,ENF,49.50207615,18.53688247,875.0,FLX_CZ-BK1_FLUXNET2015_FULLSET_2004-2022_1-3,F:\Sync\luhk_work\40 - DATA\Datasets\2024 - FLUXNET ICOS FORESTS\ENF\FLX_CZ-BK1_FLUXNET2015_FULLSET_2004-2022_1-3,ICOSETC_CZ-BK1_ARCHIVE_L2,F:\Sync\luhk_work\40 - DATA\Datasets\2024 - FLUXNET ICOS FORESTS\ENF\ICOSETC_CZ-BK1_ARCHIVE_L2,F:\Sync\luhk_work\40 - DATA\Datasets\2024 - FLUXNET ICOS FORESTS\ENF\ICOSETC_CZ-BK1_ARCHIVE_L2\ICOSETC_CZ-BK1_FLUXNET_HH_L2.csv,F:\Sync\luhk_work\40 - DATA\Datasets\2024 - FLUXNET ICOS FORESTS\ENF\FLX_CZ-BK1_FLUXNET2015_FULLSET_2004-2022_1-3\FLX_CZ-BK1_FLUXNET2015_FULLSET_HH_2004-2022_1-3.csv,F:\Sync\luhk_work\40 - DATA\Datasets\2024 - FLUXNET ICOS FORESTS\PARQUET_MERGED\DATA-MERGED_CZ-BK1_ENF_ICOS+FXN_2004-2023.parquet
CZ-Lnz,ICOS+FLUXNET,DBF,48.6815483,16.9463317,150.0,FLX_CZ-Lnz_FLUXNET2015_FULLSET_2015-2020_beta-3,F:\Sync\luhk_work\40 - DATA\Datasets\2024 - FLUXNET ICOS FORESTS\DBF\FLX_CZ-Lnz_FLUXNET2015_FULLSET_2015-2020_beta-3,ICOSETC_CZ-Lnz_ARCHIVE_L2,F:\Sync\luhk_work\40 - DATA\Datasets\2024 - FLUXNET ICOS FORESTS\DBF\ICOSETC_CZ-Lnz_ARCHIVE_L2,F:\Sync\luhk_work\40 - DATA\Datasets\2024 - FLUXNET ICOS FORESTS\DBF\ICOSETC_CZ-Lnz_ARCHIVE_L2\ICOSETC_CZ-Lnz_FLUXNET_HH_L2.csv,F:\Sync\luhk_work\40 - DATA\Datasets\2024 - FLUXNET ICOS FORESTS\DBF\FLX_CZ-Lnz_FLUXNET2015_FULLSET_2015-2020_beta-3\FLX_CZ-Lnz_FLUXNET2015_FULLSET_HH_2015-2020_beta-3.csv,F:\Sync\luhk_work\40 - DATA\Datasets\2024 - FLUXNET ICOS FORESTS\PARQUET_MERGED\DATA-MERGED_CZ-Lnz_DBF_ICOS+FXN_2015-2023.parquet
CZ-RAJ,FLUXNET,ENF,49.4437236,16.6965125,,FLX_CZ-RAJ_FLUXNET2015_FULLSET_2012-2022_1-3,F:\Sync\luhk_work\40 - DATA\Datasets\2024 - FLUXNET ICOS FORESTS\ENF\FLX_CZ-RAJ_FLUXNET2015_FULLSET_2012-2022_1-3,,,,F:\Sync\luhk_work\40 - DATA\Datasets\2024 - FLUXNET ICOS FORESTS\ENF\FLX_CZ-RAJ_FLUXNET2015_FULLSET_2012-2022_1-3\FLX_CZ-RAJ_FLUXNET2015_FULLSET_HH_2012-2022_1-3.csv,F:\Sync\luhk_work\40 - DATA\Datasets\2024 - FLUXNET ICOS FORESTS\PARQUET_MERGED\DATA-MERGED_CZ-RAJ_ENF_FXN_2012-2022.parquet
CZ-Stn,FLUXNET,DBF,49.035975,17.9699,,FLX_CZ-Stn_FLUXNET2015_FULLSET_2010-2022_1-3,F:\Sync\luhk_work\40 - DATA\Datasets\2024 - FLUXNET ICOS FORESTS\DBF\FLX_CZ-Stn_FLUXNET2015_FULLSET_2010-2022_1-3,,,,F:\Sync\luhk_work\40 - DATA\Datasets\2024 - FLUXNET ICOS FORESTS\DBF\FLX_CZ-Stn_FLUXNET2015_FULLSET_2010-2022_1-3\FLX_CZ-Stn_FLUXNET2015_FULLSET_HH_2010-2022_1-3.csv,F:\Sync\luhk_work\40 - DATA\Datasets\2024 - FLUXNET ICOS FORESTS\PARQUET_MERGED\DATA-MERGED_CZ-Stn_DBF_FXN_2010-2022.parquet
DE-Hai,ICOS+FLUXNET,DBF,51.0794084,10.4520894,438.7,FLX_DE-Hai_FLUXNET2015_FULLSET_2000-2023_1-3,F:\Sync\luhk_work\40 - DATA\Datasets\2024 - FLUXNET ICOS FORESTS\DBF\FLX_DE-Hai_FLUXNET2015_FULLSET_2000-2023_1-3,ICOSETC_DE-Hai_ARCHIVE_L2,F:\Sync\luhk_work\40 - DATA\Datasets\2024 - FLUXNET ICOS FORESTS\DBF\ICOSETC_DE-Hai_ARCHIVE_L2,F:\Sync\luhk_work\40 - DATA\Datasets\2024 - FLUXNET ICOS FORESTS\DBF\ICOSETC_DE-Hai_ARCHIVE_L2\ICOSETC_DE-Hai_FLUXNET_HH_L2.csv,F:\Sync\luhk_work\40 - DATA\Datasets\2024 - FLUXNET ICOS FORESTS\DBF\FLX_DE-Hai_FLUXNET2015_FULLSET_2000-2023_1-3\FLX_DE-Hai_FLUXNET2015_FULLSET_HH_2000-2023_1-3.csv,F:\Sync\luhk_work\40 - DATA\Datasets\2024 - FLUXNET ICOS FORESTS\PARQUET_MERGED\DATA-MERGED_DE-Hai_DBF_ICOS+FXN_2000-2023.parquet
DE-Har,ICOS+FLUXNET,MF,47.933,7.5981,201.0,FLX_DE-Har_FLUXNET2015_FULLSET_2020-2023_1-3,F:\Sync\luhk_work\40 - DATA\Datasets\2024 - FLUXNET ICOS FORESTS\MF\FLX_DE-Har_FLUXNET2015_FULLSET_2020-2023_1-3,ICOSETC_DE-Har_ARCHIVE_L2,F:\Sync\luhk_work\40 - DATA\Datasets\2024 - FLUXNET ICOS FORESTS\MF\ICOSETC_DE-Har_ARCHIVE_L2,F:\Sync\luhk_work\40 - DATA\Datasets\2024 - FLUXNET ICOS FORESTS\MF\ICOSETC_DE-Har_ARCHIVE_L2\ICOSETC_DE-Har_FLUXNET_HH_L2.csv,F:\Sync\luhk_work\40 - DATA\Datasets\2024 - FLUXNET ICOS FORESTS\MF\FLX_DE-Har_FLUXNET2015_FULLSET_2020-2023_1-3\FLX_DE-Har_FLUXNET2015_FULLSET_HH_2020-2023_1-3.csv,F:\Sync\luhk_work\40 - DATA\Datasets\2024 - FLUXNET ICOS FORESTS\PARQUET_MERGED\DATA-MERGED_DE-Har_MF_ICOS+FXN_2020-2023.parquet
DE-HoH,ICOS+FLUXNET,DBF,52.08656,11.22235,193.0,FLX_DE-HoH_FLUXNET2015_FULLSET_2015-2020_beta-3,F:\Sync\luhk_work\40 - DATA\Datasets\2024 - FLUXNET ICOS FORESTS\DBF\FLX_DE-HoH_FLUXNET2015_FULLSET_2015-2020_beta-3,ICOSETC_DE-HoH_ARCHIVE_L2,F:\Sync\luhk_work\40 - DATA\Datasets\2024 - FLUXNET ICOS FORESTS\DBF\ICOSETC_DE-HoH_ARCHIVE_L2,F:\Sync\luhk_work\40 - DATA\Datasets\2024 - FLUXNET ICOS FORESTS\DBF\ICOSETC_DE-HoH_ARCHIVE_L2\ICOSETC_DE-HoH_FLUXNET_HH_L2.csv,F:\Sync\luhk_work\40 - DATA\Datasets\2024 - FLUXNET ICOS FORESTS\DBF\FLX_DE-HoH_FLUXNET2015_FULLSET_2015-2020_beta-3\FLX_DE-HoH_FLUXNET2015_FULLSET_HH_2015-2020_beta-3.csv,F:\Sync\luhk_work\40 - DATA\Datasets\2024 - FLUXNET ICOS FORESTS\PARQUET_MERGED\DATA-MERGED_DE-HoH_DBF_ICOS+FXN_2015-2023.parquet
DE-Hzd,ICOS+FLUXNET,DBF,50.96381,13.48978,395.0,FLX_DE-Hzd_FLUXNET2015_FULLSET_2010-2023_1-3,F:\Sync\luhk_work\40 - DATA\Datasets\2024 - FLUXNET ICOS FORESTS\DBF\FLX_DE-Hzd_FLUXNET2015_FULLSET_2010-2023_1-3,ICOSETC_DE-Hzd_ARCHIVE_L2,F:\Sync\luhk_work\40 - DATA\Datasets\2024 - FLUXNET ICOS FORESTS\DBF\ICOSETC_DE-Hzd_ARCHIVE_L2,F:\Sync\luhk_work\40 - DATA\Datasets\2024 - FLUXNET ICOS FORESTS\DBF\ICOSETC_DE-Hzd_ARCHIVE_L2\ICOSETC_DE-Hzd_FLUXNET_HH_L2.csv,F:\Sync\luhk_work\40 - DATA\Datasets\2024 - FLUXNET ICOS FORESTS\DBF\FLX_DE-Hzd_FLUXNET2015_FULLSET_2010-2023_1-3\FLX_DE-Hzd_FLUXNET2015_FULLSET_HH_2010-2023_1-3.csv,F:\Sync\luhk_work\40 - DATA\Datasets\2024 - FLUXNET ICOS FORESTS\PARQUET_MERGED\DATA-MERGED_DE-Hzd_DBF_ICOS+FXN_2010-2023.parquet
DE-Msr,ICOS+FLUXNET,ENF,47.809181,11.456168,602.07,FLX_DE-Msr_FLUXNET2015_FULLSET_2020-2023_1-3,F:\Sync\luhk_work\40 - DATA\Datasets\2024 - FLUXNET ICOS FORESTS\ENF\FLX_DE-Msr_FLUXNET2015_FULLSET_2020-2023_1-3,ICOSETC_DE-Msr_ARCHIVE_L2,F:\Sync\luhk_work\40 - DATA\Datasets\2024 - FLUXNET ICOS FORESTS\ENF\ICOSETC_DE-Msr_ARCHIVE_L2,F:\Sync\luhk_work\40 - DATA\Datasets\2024 - FLUXNET ICOS FORESTS\ENF\ICOSETC_DE-Msr_ARCHIVE_L2\ICOSETC_DE-Msr_FLUXNET_HH_L2.csv,F:\Sync\luhk_work\40 - DATA\Datasets\2024 - FLUXNET ICOS FORESTS\ENF\FLX_DE-Msr_FLUXNET2015_FULLSET_2020-2023_1-3\FLX_DE-Msr_FLUXNET2015_FULLSET_HH_2020-2023_1-3.csv,F:\Sync\luhk_work\40 - DATA\Datasets\2024 - FLUXNET ICOS FORESTS\PARQUET_MERGED\DATA-MERGED_DE-Msr_ENF_ICOS+FXN_2020-2023.parquet
DE-Obe,FLUXNET,ENF,50.78666,13.72129,,FLX_DE-Obe_FLUXNET2015_FULLSET_2008-2023_1-3,F:\Sync\luhk_work\40 - DATA\Datasets\2024 - FLUXNET ICOS FORESTS\ENF\FLX_DE-Obe_FLUXNET2015_FULLSET_2008-2023_1-3,,,,F:\Sync\luhk_work\40 - DATA\Datasets\2024 - FLUXNET ICOS FORESTS\ENF\FLX_DE-Obe_FLUXNET2015_FULLSET_2008-2023_1-3\FLX_DE-Obe_FLUXNET2015_FULLSET_HH_2008-2023_1-3.csv,F:\Sync\luhk_work\40 - DATA\Datasets\2024 - FLUXNET ICOS FORESTS\PARQUET_MERGED\DATA-MERGED_DE-Obe_ENF_FXN_2008-2023.parquet
DE-RuW,ICOS+FLUXNET,ENF,50.5049268531233,6.33096247542595,610.0,FLX_DE-RuW_FLUXNET2015_FULLSET_2012-2023_1-3,F:\Sync\luhk_work\40 - DATA\Datasets\2024 - FLUXNET ICOS FORESTS\ENF\FLX_DE-RuW_FLUXNET2015_FULLSET_2012-2023_1-3,ICOSETC_DE-RuW_ARCHIVE_L2,F:\Sync\luhk_work\40 - DATA\Datasets\2024 - FLUXNET ICOS FORESTS\ENF\ICOSETC_DE-RuW_ARCHIVE_L2,F:\Sync\luhk_work\40 - DATA\Datasets\2024 - FLUXNET ICOS FORESTS\ENF\ICOSETC_DE-RuW_ARCHIVE_L2\ICOSETC_DE-RuW_FLUXNET_HH_L2.csv,F:\Sync\luhk_work\40 - DATA\Datasets\2024 - FLUXNET ICOS FORESTS\ENF\FLX_DE-RuW_FLUXNET2015_FULLSET_2012-2023_1-3\FLX_DE-RuW_FLUXNET2015_FULLSET_HH_2012-2023_1-3.csv,F:\Sync\luhk_work\40 - DATA\Datasets\2024 - FLUXNET ICOS FORESTS\PARQUET_MERGED\DATA-MERGED_DE-RuW_ENF_ICOS+FXN_2012-2023.parquet
DE-Tha,ICOS+FLUXNET,ENF,50.96256,13.56515,380.0,FLX_DE-Tha_FLUXNET2015_FULLSET_1996-2020_beta-3,F:\Sync\luhk_work\40 - DATA\Datasets\2024 - FLUXNET ICOS FORESTS\ENF\FLX_DE-Tha_FLUXNET2015_FULLSET_1996-2020_beta-3,ICOSETC_DE-Tha_ARCHIVE_L2,F:\Sync\luhk_work\40 - DATA\Datasets\2024 - FLUXNET ICOS FORESTS\ENF\ICOSETC_DE-Tha_ARCHIVE_L2,F:\Sync\luhk_work\40 - DATA\Datasets\2024 - FLUXNET ICOS FORESTS\ENF\ICOSETC_DE-Tha_ARCHIVE_L2\ICOSETC_DE-Tha_FLUXNET_HH_L2.csv,F:\Sync\luhk_work\40 - DATA\Datasets\2024 - FLUXNET ICOS FORESTS\ENF\FLX_DE-Tha_FLUXNET2015_FULLSET_1996-2020_beta-3\FLX_DE-Tha_FLUXNET2015_FULLSET_HH_1996-2020_beta-3.csv,F:\Sync\luhk_work\40 - DATA\Datasets\2024 - FLUXNET ICOS FORESTS\PARQUET_MERGED\DATA-MERGED_DE-Tha_ENF_ICOS+FXN_1996-2023.parquet
DK-Gds,ICOS+FLUXNET,ENF,56.0737,9.3341,86.0,FLX_DK-Gds_FLUXNET2015_FULLSET_2020-2020_beta-3,F:\Sync\luhk_work\40 - DATA\Datasets\2024 - FLUXNET ICOS FORESTS\ENF\FLX_DK-Gds_FLUXNET2015_FULLSET_2020-2020_beta-3,ICOSETC_DK-Gds_ARCHIVE_L2,F:\Sync\luhk_work\40 - DATA\Datasets\2024 - FLUXNET ICOS FORESTS\ENF\ICOSETC_DK-Gds_ARCHIVE_L2,F:\Sync\luhk_work\40 - DATA\Datasets\2024 - FLUXNET ICOS FORESTS\ENF\ICOSETC_DK-Gds_ARCHIVE_L2\ICOSETC_DK-Gds_FLUXNET_HH_L2.csv,F:\Sync\luhk_work\40 - DATA\Datasets\2024 - FLUXNET ICOS FORESTS\ENF\FLX_DK-Gds_FLUXNET2015_FULLSET_2020-2020_beta-3\FLX_DK-Gds_FLUXNET2015_FULLSET_HH_2020-2020_beta-3.csv,F:\Sync\luhk_work\40 - DATA\Datasets\2024 - FLUXNET ICOS FORESTS\PARQUET_MERGED\DATA-MERGED_DK-Gds_ENF_ICOS+FXN_2020-2022.parquet
DK-Sor,ICOS+FLUXNET,DBF,55.4858694,11.6446444,40.0,FLX_DK-Sor_FLUXNET2015_FULLSET_1996-2020_beta-3,F:\Sync\luhk_work\40 - DATA\Datasets\2024 - FLUXNET ICOS FORESTS\DBF\FLX_DK-Sor_FLUXNET2015_FULLSET_1996-2020_beta-3,ICOSETC_DK-Sor_ARCHIVE_L2,F:\Sync\luhk_work\40 - DATA\Datasets\2024 - FLUXNET ICOS FORESTS\DBF\ICOSETC_DK-Sor_ARCHIVE_L2,F:\Sync\luhk_work\40 - DATA\Datasets\2024 - FLUXNET ICOS FORESTS\DBF\ICOSETC_DK-Sor_ARCHIVE_L2\ICOSETC_DK-Sor_FLUXNET_HH_L2.csv,F:\Sync\luhk_work\40 - DATA\Datasets\2024 - FLUXNET ICOS FORESTS\DBF\FLX_DK-Sor_FLUXNET2015_FULLSET_1996-2020_beta-3\FLX_DK-Sor_FLUXNET2015_FULLSET_HH_1996-2020_beta-3.csv,F:\Sync\luhk_work\40 - DATA\Datasets\2024 - FLUXNET ICOS FORESTS\PARQUET_MERGED\DATA-MERGED_DK-Sor_DBF_ICOS+FXN_1996-2023.parquet
FI-Hyy,ICOS+FLUXNET,ENF,61.84741,24.29477,181.0,FLX_FI-Hyy_FLUXNET2015_FULLSET_1996-2020_beta-3,F:\Sync\luhk_work\40 - DATA\Datasets\2024 - FLUXNET ICOS FORESTS\ENF\FLX_FI-Hyy_FLUXNET2015_FULLSET_1996-2020_beta-3,ICOSETC_FI-Hyy_ARCHIVE_L2,F:\Sync\luhk_work\40 - DATA\Datasets\2024 - FLUXNET ICOS FORESTS\ENF\ICOSETC_FI-Hyy_ARCHIVE_L2,F:\Sync\luhk_work\40 - DATA\Datasets\2024 - FLUXNET ICOS FORESTS\ENF\ICOSETC_FI-Hyy_ARCHIVE_L2\ICOSETC_FI-Hyy_FLUXNET_HH_L2.csv,F:\Sync\luhk_work\40 - DATA\Datasets\2024 - FLUXNET ICOS FORESTS\ENF\FLX_FI-Hyy_FLUXNET2015_FULLSET_1996-2020_beta-3\FLX_FI-Hyy_FLUXNET2015_FULLSET_HH_1996-2020_beta-3.csv,F:\Sync\luhk_work\40 - DATA\Datasets\2024 - FLUXNET ICOS FORESTS\PARQUET_MERGED\DATA-MERGED_FI-Hyy_ENF_ICOS+FXN_1996-2023.parquet
FI-Ken,ICOS+FLUXNET,ENF,67.98721472,24.24301028,347.0,FLX_FI-Ken_FLUXNET2015_FULLSET_2018-2023_1-3,F:\Sync\luhk_work\40 - DATA\Datasets\2024 - FLUXNET ICOS FORESTS\ENF\FLX_FI-Ken_FLUXNET2015_FULLSET_2018-2023_1-3,ICOSETC_FI-Ken_ARCHIVE_L2,F:\Sync\luhk_work\40 - DATA\Datasets\2024 - FLUXNET ICOS FORESTS\ENF\ICOSETC_FI-Ken_ARCHIVE_L2,F:\Sync\luhk_work\40 - DATA\Datasets\2024 - FLUXNET ICOS FORESTS\ENF\ICOSETC_FI-Ken_ARCHIVE_L2\ICOSETC_FI-Ken_FLUXNET_HH_L2.csv,F:\Sync\luhk_work\40 - DATA\Datasets\2024 - FLUXNET ICOS FORESTS\ENF\FLX_FI-Ken_FLUXNET2015_FULLSET_2018-2023_1-3\FLX_FI-Ken_FLUXNET2015_FULLSET_HH_2018-2023_1-3.csv,F:\Sync\luhk_work\40 - DATA\Datasets\2024 - FLUXNET ICOS FORESTS\PARQUET_MERGED\DATA-MERGED_FI-Ken_ENF_ICOS+FXN_2018-2023.parquet
FI-Let,ICOS+FLUXNET,ENF,60.64183,23.95952,125.0,FLX_FI-Let_FLUXNET2015_FULLSET_2017-2023_1-3,F:\Sync\luhk_work\40 - DATA\Datasets\2024 - FLUXNET ICOS FORESTS\ENF\FLX_FI-Let_FLUXNET2015_FULLSET_2017-2023_1-3,ICOSETC_FI-Let_ARCHIVE_L2,F:\Sync\luhk_work\40 - DATA\Datasets\2024 - FLUXNET ICOS FORESTS\ENF\ICOSETC_FI-Let_ARCHIVE_L2,F:\Sync\luhk_work\40 - DATA\Datasets\2024 - FLUXNET ICOS FORESTS\ENF\ICOSETC_FI-Let_ARCHIVE_L2\ICOSETC_FI-Let_FLUXNET_HH_L2.csv,F:\Sync\luhk_work\40 - DATA\Datasets\2024 - FLUXNET ICOS FORESTS\ENF\FLX_FI-Let_FLUXNET2015_FULLSET_2017-2023_1-3\FLX_FI-Let_FLUXNET2015_FULLSET_HH_2017-2023_1-3.csv,F:\Sync\luhk_work\40 - DATA\Datasets\2024 - FLUXNET ICOS FORESTS\PARQUET_MERGED\DATA-MERGED_FI-Let_ENF_ICOS+FXN_2017-2023.parquet
FI-Var,ICOS+FLUXNET,ENF,67.7549,29.61,395.0,FLX_FI-Var_FLUXNET2015_FULLSET_2017-2023_1-3,F:\Sync\luhk_work\40 - DATA\Datasets\2024 - FLUXNET ICOS FORESTS\ENF\FLX_FI-Var_FLUXNET2015_FULLSET_2017-2023_1-3,ICOSETC_FI-Var_ARCHIVE_L2,F:\Sync\luhk_work\40 - DATA\Datasets\2024 - FLUXNET ICOS FORESTS\ENF\ICOSETC_FI-Var_ARCHIVE_L2,F:\Sync\luhk_work\40 - DATA\Datasets\2024 - FLUXNET ICOS FORESTS\ENF\ICOSETC_FI-Var_ARCHIVE_L2\ICOSETC_FI-Var_FLUXNET_HH_L2.csv,F:\Sync\luhk_work\40 - DATA\Datasets\2024 - FLUXNET ICOS FORESTS\ENF\FLX_FI-Var_FLUXNET2015_FULLSET_2017-2023_1-3\FLX_FI-Var_FLUXNET2015_FULLSET_HH_2017-2023_1-3.csv,F:\Sync\luhk_work\40 - DATA\Datasets\2024 - FLUXNET ICOS FORESTS\PARQUET_MERGED\DATA-MERGED_FI-Var_ENF_ICOS+FXN_2017-2023.parquet
FR-Bil,ICOS+FLUXNET,ENF,44.493653,-0.956092,39.18,FLX_FR-Bil_FLUXNET2015_FULLSET_2014-2020_beta-3,F:\Sync\luhk_work\40 - DATA\Datasets\2024 - FLUXNET ICOS FORESTS\ENF\FLX_FR-Bil_FLUXNET2015_FULLSET_2014-2020_beta-3,ICOSETC_FR-Bil_ARCHIVE_L2,F:\Sync\luhk_work\40 - DATA\Datasets\2024 - FLUXNET ICOS FORESTS\ENF\ICOSETC_FR-Bil_ARCHIVE_L2,F:\Sync\luhk_work\40 - DATA\Datasets\2024 - FLUXNET ICOS FORESTS\ENF\ICOSETC_FR-Bil_ARCHIVE_L2\ICOSETC_FR-Bil_FLUXNET_HH_L2.csv,F:\Sync\luhk_work\40 - DATA\Datasets\2024 - FLUXNET ICOS FORESTS\ENF\FLX_FR-Bil_FLUXNET2015_FULLSET_2014-2020_beta-3\FLX_FR-Bil_FLUXNET2015_FULLSET_HH_2014-2020_beta-3.csv,F:\Sync\luhk_work\40 - DATA\Datasets\2024 - FLUXNET ICOS FORESTS\PARQUET_MERGED\DATA-MERGED_FR-Bil_ENF_ICOS+FXN_2014-2023.parquet
FR-FBn,FLUXNET,MF,43.24079,5.67865,,FLX_FR-FBn_FLUXNET2015_FULLSET_2008-2020_beta-3,F:\Sync\luhk_work\40 - DATA\Datasets\2024 - FLUXNET ICOS FORESTS\ENF\FLX_FR-FBn_FLUXNET2015_FULLSET_2008-2020_beta-3,,,,F:\Sync\luhk_work\40 - DATA\Datasets\2024 - FLUXNET ICOS FORESTS\ENF\FLX_FR-FBn_FLUXNET2015_FULLSET_2008-2020_beta-3\FLX_FR-FBn_FLUXNET2015_FULLSET_HH_2008-2020_beta-3.csv,F:\Sync\luhk_work\40 - DATA\Datasets\2024 - FLUXNET ICOS FORESTS\PARQUET_MERGED\DATA-MERGED_FR-FBn_MF_FXN_2008-2020.parquet
FR-Fon,ICOS+FLUXNET,DBF,48.476358,2.780096,103.0,FLX_FR-Fon_FLUXNET2015_FULLSET_2005-2020_beta-3,F:\Sync\luhk_work\40 - DATA\Datasets\2024 - FLUXNET ICOS FORESTS\DBF\FLX_FR-Fon_FLUXNET2015_FULLSET_2005-2020_beta-3,ICOSETC_FR-Fon_ARCHIVE_L2,F:\Sync\luhk_work\40 - DATA\Datasets\2024 - FLUXNET ICOS FORESTS\DBF\ICOSETC_FR-Fon_ARCHIVE_L2,F:\Sync\luhk_work\40 - DATA\Datasets\2024 - FLUXNET ICOS FORESTS\DBF\ICOSETC_FR-Fon_ARCHIVE_L2\ICOSETC_FR-Fon_FLUXNET_HH_L2.csv,F:\Sync\luhk_work\40 - DATA\Datasets\2024 - FLUXNET ICOS FORESTS\DBF\FLX_FR-Fon_FLUXNET2015_FULLSET_2005-2020_beta-3\FLX_FR-Fon_FLUXNET2015_FULLSET_HH_2005-2020_beta-3.csv,F:\Sync\luhk_work\40 - DATA\Datasets\2024 - FLUXNET ICOS FORESTS\PARQUET_MERGED\DATA-MERGED_FR-Fon_DBF_ICOS+FXN_2005-2023.parquet
FR-Hes,ICOS+FLUXNET,DBF,48.6741,7.06465,310.0,FLX_FR-Hes_FLUXNET2015_FULLSET_2014-2020_beta-3,F:\Sync\luhk_work\40 - DATA\Datasets\2024 - FLUXNET ICOS FORESTS\DBF\FLX_FR-Hes_FLUXNET2015_FULLSET_2014-2020_beta-3,ICOSETC_FR-Hes_ARCHIVE_L2,F:\Sync\luhk_work\40 - DATA\Datasets\2024 - FLUXNET ICOS FORESTS\DBF\ICOSETC_FR-Hes_ARCHIVE_L2,F:\Sync\luhk_work\40 - DATA\Datasets\2024 - FLUXNET ICOS FORESTS\DBF\ICOSETC_FR-Hes_ARCHIVE_L2\ICOSETC_FR-Hes_FLUXNET_HH_L2.csv,F:\Sync\luhk_work\40 - DATA\Datasets\2024 - FLUXNET ICOS FORESTS\DBF\FLX_FR-Hes_FLUXNET2015_FULLSET_2014-2020_beta-3\FLX_FR-Hes_FLUXNET2015_FULLSET_HH_2014-2020_beta-3.csv,F:\Sync\luhk_work\40 - DATA\Datasets\2024 - FLUXNET ICOS FORESTS\PARQUET_MERGED\DATA-MERGED_FR-Hes_DBF_ICOS+FXN_2014-2023.parquet
FR-Pue,ICOS+FLUXNET,EBF,43.7413,3.5957,271.0,FLX_FR-Pue_FLUXNET2015_FULLSET_2000-2021_beta-3,F:\Sync\luhk_work\40 - DATA\Datasets\2024 - FLUXNET ICOS FORESTS\EBF\FLX_FR-Pue_FLUXNET2015_FULLSET_2000-2021_beta-3,ICOSETC_FR-Pue_ARCHIVE_L2,F:\Sync\luhk_work\40 - DATA\Datasets\2024 - FLUXNET ICOS FORESTS\EBF\ICOSETC_FR-Pue_ARCHIVE_L2,F:\Sync\luhk_work\40 - DATA\Datasets\2024 - FLUXNET ICOS FORESTS\EBF\ICOSETC_FR-Pue_ARCHIVE_L2\ICOSETC_FR-Pue_FLUXNET_HH_L2.csv,F:\Sync\luhk_work\40 - DATA\Datasets\2024 - FLUXNET ICOS FORESTS\EBF\FLX_FR-Pue_FLUXNET2015_FULLSET_2000-2021_beta-3\FLX_FR-Pue_FLUXNET2015_FULLSET_HH_2000-2021_beta-3.csv,F:\Sync\luhk_work\40 - DATA\Datasets\2024 - FLUXNET ICOS FORESTS\PARQUET_MERGED\DATA-MERGED_FR-Pue_EBF_ICOS+FXN_2000-2023.parquet
GF-Guy,ICOS+FLUXNET,EBF,5.2787,-52.9248,40.0,FLX_GF-Guy_FLUXNET2015_FULLSET_2004-2023_1-3,F:\Sync\luhk_work\40 - DATA\Datasets\2024 - FLUXNET ICOS FORESTS\EBF\FLX_GF-Guy_FLUXNET2015_FULLSET_2004-2023_1-3,ICOSETC_GF-Guy_ARCHIVE_L2,F:\Sync\luhk_work\40 - DATA\Datasets\2024 - FLUXNET ICOS FORESTS\EBF\ICOSETC_GF-Guy_ARCHIVE_L2,F:\Sync\luhk_work\40 - DATA\Datasets\2024 - FLUXNET ICOS FORESTS\EBF\ICOSETC_GF-Guy_ARCHIVE_L2\ICOSETC_GF-Guy_FLUXNET_HH_L2.csv,F:\Sync\luhk_work\40 - DATA\Datasets\2024 - FLUXNET ICOS FORESTS\EBF\FLX_GF-Guy_FLUXNET2015_FULLSET_2004-2023_1-3\FLX_GF-Guy_FLUXNET2015_FULLSET_HH_2004-2023_1-3.csv,F:\Sync\luhk_work\40 - DATA\Datasets\2024 - FLUXNET ICOS FORESTS\PARQUET_MERGED\DATA-MERGED_GF-Guy_EBF_ICOS+FXN_2004-2023.parquet
IT-BFt,ICOS+FLUXNET,DBF,45.197755,10.741966,23.0,FLX_IT-BFt_FLUXNET2015_FULLSET_2019-2023_1-3,F:\Sync\luhk_work\40 - DATA\Datasets\2024 - FLUXNET ICOS FORESTS\DBF\FLX_IT-BFt_FLUXNET2015_FULLSET_2019-2023_1-3,ICOSETC_IT-BFt_ARCHIVE_L2,F:\Sync\luhk_work\40 - DATA\Datasets\2024 - FLUXNET ICOS FORESTS\DBF\ICOSETC_IT-BFt_ARCHIVE_L2,F:\Sync\luhk_work\40 - DATA\Datasets\2024 - FLUXNET ICOS FORESTS\DBF\ICOSETC_IT-BFt_ARCHIVE_L2\ICOSETC_IT-BFt_FLUXNET_HH_L2.csv,F:\Sync\luhk_work\40 - DATA\Datasets\2024 - FLUXNET ICOS FORESTS\DBF\FLX_IT-BFt_FLUXNET2015_FULLSET_2019-2023_1-3\FLX_IT-BFt_FLUXNET2015_FULLSET_HH_2019-2023_1-3.csv,F:\Sync\luhk_work\40 - DATA\Datasets\2024 - FLUXNET ICOS FORESTS\PARQUET_MERGED\DATA-MERGED_IT-BFt_DBF_ICOS+FXN_2019-2023.parquet
IT-BsB,FLUXNET,DBF,45.11835,7.16198,,FLX_IT-BsB_FLUXNET2015_FULLSET_2021-2022_1-3,F:\Sync\luhk_work\40 - DATA\Datasets\2024 - FLUXNET ICOS FORESTS\DBF\FLX_IT-BsB_FLUXNET2015_FULLSET_2021-2022_1-3,,,,F:\Sync\luhk_work\40 - DATA\Datasets\2024 - FLUXNET ICOS FORESTS\DBF\FLX_IT-BsB_FLUXNET2015_FULLSET_2021-2022_1-3\FLX_IT-BsB_FLUXNET2015_FULLSET_HH_2021-2022_1-3.csv,F:\Sync\luhk_work\40 - DATA\Datasets\2024 - FLUXNET ICOS FORESTS\PARQUET_MERGED\DATA-MERGED_IT-BsB_DBF_FXN_2021-2022.parquet
IT-Cp2,ICOS+FLUXNET,MF,41.7042655944824,12.3572931289673,19.0,FLX_IT-Cp2_FLUXNET2015_FULLSET_2012-2020_beta-3,F:\Sync\luhk_work\40 - DATA\Datasets\2024 - FLUXNET ICOS FORESTS\MF\FLX_IT-Cp2_FLUXNET2015_FULLSET_2012-2020_beta-3,ICOSETC_IT-Cp2_ARCHIVE_L2,F:\Sync\luhk_work\40 - DATA\Datasets\2024 - FLUXNET ICOS FORESTS\MF\ICOSETC_IT-Cp2_ARCHIVE_L2,F:\Sync\luhk_work\40 - DATA\Datasets\2024 - FLUXNET ICOS FORESTS\MF\ICOSETC_IT-Cp2_ARCHIVE_L2\ICOSETC_IT-Cp2_FLUXNET_HH_L2.csv,F:\Sync\luhk_work\40 - DATA\Datasets\2024 - FLUXNET ICOS FORESTS\MF\FLX_IT-Cp2_FLUXNET2015_FULLSET_2012-2020_beta-3\FLX_IT-Cp2_FLUXNET2015_FULLSET_HH_2012-2020_beta-3.csv,F:\Sync\luhk_work\40 - DATA\Datasets\2024 - FLUXNET ICOS FORESTS\PARQUET_MERGED\DATA-MERGED_IT-Cp2_MF_ICOS+FXN_2012-2023.parquet
IT-Ren,ICOS+FLUXNET,ENF,46.58686,11.43369,1735.6,FLX_IT-Ren_FLUXNET2015_FULLSET_1999-2020_beta-3,F:\Sync\luhk_work\40 - DATA\Datasets\2024 - FLUXNET ICOS FORESTS\ENF\FLX_IT-Ren_FLUXNET2015_FULLSET_1999-2020_beta-3,ICOSETC_IT-Ren_ARCHIVE_L2,F:\Sync\luhk_work\40 - DATA\Datasets\2024 - FLUXNET ICOS FORESTS\ENF\ICOSETC_IT-Ren_ARCHIVE_L2,F:\Sync\luhk_work\40 - DATA\Datasets\2024 - FLUXNET ICOS FORESTS\ENF\ICOSETC_IT-Ren_ARCHIVE_L2\ICOSETC_IT-Ren_FLUXNET_HH_L2.csv,F:\Sync\luhk_work\40 - DATA\Datasets\2024 - FLUXNET ICOS FORESTS\ENF\FLX_IT-Ren_FLUXNET2015_FULLSET_1999-2020_beta-3\FLX_IT-Ren_FLUXNET2015_FULLSET_HH_1999-2020_beta-3.csv,F:\Sync\luhk_work\40 - DATA\Datasets\2024 - FLUXNET ICOS FORESTS\PARQUET_MERGED\DATA-MERGED_IT-Ren_ENF_ICOS+FXN_1999-2023.parquet
IT-SR2,ICOS+FLUXNET,ENF,43.732022,10.29091,4.0,FLX_IT-SR2_FLUXNET2015_FULLSET_2013-2020_beta-3,F:\Sync\luhk_work\40 - DATA\Datasets\2024 - FLUXNET ICOS FORESTS\ENF\FLX_IT-SR2_FLUXNET2015_FULLSET_2013-2020_beta-3,ICOSETC_IT-SR2_ARCHIVE_L2,F:\Sync\luhk_work\40 - DATA\Datasets\2024 - FLUXNET ICOS FORESTS\ENF\ICOSETC_IT-SR2_ARCHIVE_L2,F:\Sync\luhk_work\40 - DATA\Datasets\2024 - FLUXNET ICOS FORESTS\ENF\ICOSETC_IT-SR2_ARCHIVE_L2\ICOSETC_IT-SR2_FLUXNET_HH_L2.csv,F:\Sync\luhk_work\40 - DATA\Datasets\2024 - FLUXNET ICOS FORESTS\ENF\FLX_IT-SR2_FLUXNET2015_FULLSET_2013-2020_beta-3\FLX_IT-SR2_FLUXNET2015_FULLSET_HH_2013-2020_beta-3.csv,F:\Sync\luhk_work\40 - DATA\Datasets\2024 - FLUXNET ICOS FORESTS\PARQUET_MERGED\DATA-MERGED_IT-SR2_ENF_ICOS+FXN_2013-2023.parquet
IT-TrF,FLUXNET,DNF,45.82376,7.56089,,FLX_IT-TrF_FLUXNET2015_FULLSET_2012-2022_1-3,F:\Sync\luhk_work\40 - DATA\Datasets\2024 - FLUXNET ICOS FORESTS\DNF\FLX_IT-TrF_FLUXNET2015_FULLSET_2012-2022_1-3,,,,F:\Sync\luhk_work\40 - DATA\Datasets\2024 - FLUXNET ICOS FORESTS\DNF\FLX_IT-TrF_FLUXNET2015_FULLSET_2012-2022_1-3\FLX_IT-TrF_FLUXNET2015_FULLSET_HH_2012-2022_1-3.csv,F:\Sync\luhk_work\40 - DATA\Datasets\2024 - FLUXNET ICOS FORESTS\PARQUET_MERGED\DATA-MERGED_IT-TrF_DNF_FXN_2012-2022.parquet
NL-Loo,ICOS+FLUXNET,ENF,52.16644722,5.74355,33.0,FLX_NL-Loo_FLUXNET2015_FULLSET_1996-2018_beta-3,F:\Sync\luhk_work\40 - DATA\Datasets\2024 - FLUXNET ICOS FORESTS\ENF\FLX_NL-Loo_FLUXNET2015_FULLSET_1996-2018_beta-3,ICOSETC_NL-Loo_ARCHIVE_L2,F:\Sync\luhk_work\40 - DATA\Datasets\2024 - FLUXNET ICOS FORESTS\ENF\ICOSETC_NL-Loo_ARCHIVE_L2,F:\Sync\luhk_work\40 - DATA\Datasets\2024 - FLUXNET ICOS FORESTS\ENF\ICOSETC_NL-Loo_ARCHIVE_L2\ICOSETC_NL-Loo_FLUXNET_HH_L2.csv,F:\Sync\luhk_work\40 - DATA\Datasets\2024 - FLUXNET ICOS FORESTS\ENF\FLX_NL-Loo_FLUXNET2015_FULLSET_1996-2018_beta-3\FLX_NL-Loo_FLUXNET2015_FULLSET_HH_1996-2018_beta-3.csv,F:\Sync\luhk_work\40 - DATA\Datasets\2024 - FLUXNET ICOS FORESTS\PARQUET_MERGED\DATA-MERGED_NL-Loo_ENF_ICOS+FXN_1996-2023.parquet
RU-Fy2,FLUXNET,ENF,56.447603,32.901878,,FLX_RU-Fy2_FLUXNET2015_FULLSET_2015-2023_1-3,F:\Sync\luhk_work\40 - DATA\Datasets\2024 - FLUXNET ICOS FORESTS\ENF\FLX_RU-Fy2_FLUXNET2015_FULLSET_2015-2023_1-3,,,,F:\Sync\luhk_work\40 - DATA\Datasets\2024 - FLUXNET ICOS FORESTS\ENF\FLX_RU-Fy2_FLUXNET2015_FULLSET_2015-2023_1-3\FLX_RU-Fy2_FLUXNET2015_FULLSET_HH_2015-2023_1-3.csv,F:\Sync\luhk_work\40 - DATA\Datasets\2024 - FLUXNET ICOS FORESTS\PARQUET_MERGED\DATA-MERGED_RU-Fy2_ENF_FXN_2015-2023.parquet
RU-Fy3,FLUXNET,ENF,56.4435,33.0478,,FLX_RU-Fy3_FLUXNET2015_FULLSET_2016-2017_beta-3,F:\Sync\luhk_work\40 - DATA\Datasets\2024 - FLUXNET ICOS FORESTS\ENF\FLX_RU-Fy3_FLUXNET2015_FULLSET_2016-2017_beta-3,,,,F:\Sync\luhk_work\40 - DATA\Datasets\2024 - FLUXNET ICOS FORESTS\ENF\FLX_RU-Fy3_FLUXNET2015_FULLSET_2016-2017_beta-3\FLX_RU-Fy3_FLUXNET2015_FULLSET_HH_2016-2017_beta-3.csv,F:\Sync\luhk_work\40 - DATA\Datasets\2024 - FLUXNET ICOS FORESTS\PARQUET_MERGED\DATA-MERGED_RU-Fy3_ENF_FXN_2016-2017.parquet
RU-Fyo,FLUXNET,ENF,56.4615278,32.9220833,,FLX_RU-Fyo_FLUXNET2015_FULLSET_1998-2023_1-3,F:\Sync\luhk_work\40 - DATA\Datasets\2024 - FLUXNET ICOS FORESTS\ENF\FLX_RU-Fyo_FLUXNET2015_FULLSET_1998-2023_1-3,,,,F:\Sync\luhk_work\40 - DATA\Datasets\2024 - FLUXNET ICOS FORESTS\ENF\FLX_RU-Fyo_FLUXNET2015_FULLSET_1998-2023_1-3\FLX_RU-Fyo_FLUXNET2015_FULLSET_HH_1998-2023_1-3.csv,F:\Sync\luhk_work\40 - DATA\Datasets\2024 - FLUXNET ICOS FORESTS\PARQUET_MERGED\DATA-MERGED_RU-Fyo_ENF_FXN_1998-2023.parquet
SE-Htm,FLUXNET,ENF,56.09763,13.41897,,FLX_SE-Htm_FLUXNET2015_FULLSET_2015-2020_beta-3,F:\Sync\luhk_work\40 - DATA\Datasets\2024 - FLUXNET ICOS FORESTS\ENF\FLX_SE-Htm_FLUXNET2015_FULLSET_2015-2020_beta-3,,,,F:\Sync\luhk_work\40 - DATA\Datasets\2024 - FLUXNET ICOS FORESTS\ENF\FLX_SE-Htm_FLUXNET2015_FULLSET_2015-2020_beta-3\FLX_SE-Htm_FLUXNET2015_FULLSET_HH_2015-2020_beta-3.csv,F:\Sync\luhk_work\40 - DATA\Datasets\2024 - FLUXNET ICOS FORESTS\PARQUET_MERGED\DATA-MERGED_SE-Htm_ENF_FXN_2015-2020.parquet
SE-Nor,FLUXNET,ENF,60.08649722,17.47950278,,FLX_SE-Nor_FLUXNET2015_FULLSET_2014-2020_beta-3,F:\Sync\luhk_work\40 - DATA\Datasets\2024 - FLUXNET ICOS FORESTS\ENF\FLX_SE-Nor_FLUXNET2015_FULLSET_2014-2020_beta-3,,,,F:\Sync\luhk_work\40 - DATA\Datasets\2024 - FLUXNET ICOS FORESTS\ENF\FLX_SE-Nor_FLUXNET2015_FULLSET_2014-2020_beta-3\FLX_SE-Nor_FLUXNET2015_FULLSET_HH_2014-2020_beta-3.csv,F:\Sync\luhk_work\40 - DATA\Datasets\2024 - FLUXNET ICOS FORESTS\PARQUET_MERGED\DATA-MERGED_SE-Nor_ENF_FXN_2014-2020.parquet
SE-Svb,FLUXNET,ENF,64.25611,19.7745,,FLX_SE-Svb_FLUXNET2015_FULLSET_2014-2020_beta-3,F:\Sync\luhk_work\40 - DATA\Datasets\2024 - FLUXNET ICOS FORESTS\ENF\FLX_SE-Svb_FLUXNET2015_FULLSET_2014-2020_beta-3,,,,F:\Sync\luhk_work\40 - DATA\Datasets\2024 - FLUXNET ICOS FORESTS\ENF\FLX_SE-Svb_FLUXNET2015_FULLSET_2014-2020_beta-3\FLX_SE-Svb_FLUXNET2015_FULLSET_HH_2014-2020_beta-3.csv,F:\Sync\luhk_work\40 - DATA\Datasets\2024 - FLUXNET ICOS FORESTS\PARQUET_MERGED\DATA-MERGED_SE-Svb_ENF_FXN_2014-2020.parquet
