SITE,IGBP,FROM_group_VPD_F,FROM_VPD_F,FROM_NEE_VUT_50,FROM_TA_F,FROM_NEE_VUT_50_COUNTS,FROM_VPD_F_P16,FROM_NEE_VUT_50_P16,FROM_VPD_F_P84,FROM_NEE_VUT_50_P84,FROM_xerror_neg,FROM_xerror_pos,FROM_yerror_neg,FROM_yerror_pos,TO_group_VPD_F,TO_VPD_F,TO_NEE_VUT_50,TO_TA_F,TO_NEE_VUT_50_COUNTS,TO_VPD_F_P16,TO_NEE_VUT_50_P16,TO_VPD_F_P84,TO_NEE_VUT_50_P84,TO_xerror_neg,TO_xerror_pos,TO_yerror_neg,TO_yerror_pos
BE-Lcr,DBF,"(-1e-09, 1.673]",0.745,2.40396,7.178,61,0.0336,-0.7370930000000001,1.3758,6.403485999999999,0.7114,0.6307999999999999,3.1410530000000003,3.999525999999999,"(1.673, 5.683]",2.6390000000000002,0.8100555,7.4895,60,2.06212,-3.7113536,3.8879599999999988,4.415290399999998,0.5768800000000001,1.2489599999999985,4.5214091,3.6052348999999984
BE-Lcr,DBF,"(-1e-09, 2.005]",1.011,1.62764,8.901,61,0.5056,-4.648492000000001,1.7713999999999999,4.5807199999999995,0.5053999999999998,0.7604,6.2761320000000005,2.9530799999999995,"(2.005, 6.467]",3.678,-1.4147500000000002,8.884,60,2.40584,-4.9785952,4.8640799999999995,2.300746399999999,1.27216,1.1860799999999996,3.5638452,3.7154963999999993
BE-Lcr,DBF,"(0.003999999, 1.837]",1.172,1.26899,9.745,61,0.589,-4.787858,1.6124,3.9333199999999997,0.583,0.4404000000000001,6.0568480000000005,2.6643299999999996,"(1.837, 7.261]",3.2990000000000004,-3.00175,9.7655,60,2.2292,-10.382132,5.336719999999999,1.6420515999999978,1.0698000000000003,2.0377199999999984,7.380382000000001,4.643801599999998
BE-Lcr,DBF,"(0.010999999, 1.935]",1.118,1.38983,10.296,60,0.73764,-5.6912688000000005,1.68156,3.9856959999999995,0.38036000000000014,0.5635599999999998,7.0810988,2.5958659999999996,"(1.935, 7.439]",3.3335,-1.951715,10.3465,60,2.1544,-8.2757316,5.81104,3.1104135999999993,1.1791,2.4775400000000003,6.3240166,5.062128599999999
BE-Lcr,DBF,"(-1e-09, 2.437]",1.206,-0.955506,10.671,61,0.7038,-6.096876,2.1296,3.592137999999999,0.5022,0.9236,5.14137,4.547643999999999,"(2.437, 7.88]",3.451,-5.00436,10.727,61,2.5974000000000004,-13.24098,5.299,2.4924139999999992,0.8535999999999997,1.8480000000000003,8.23662,7.496773999999999
BE-Lcr,DBF,"(0.091999999, 2.746]",1.5865,0.8515295,11.026499999999999,60,0.92852,-5.6962728,2.41948,4.506019199999998,0.65798,0.83298,6.5478023,3.6544896999999983,"(2.746, 8.414]",3.605,-4.0319899999999995,11.0795,60,2.99724,-16.925168,5.73492,0.7434423599999971,0.6077599999999999,2.12992,12.893177999999999,4.775432359999996
BE-Lcr,DBF,"(0.109999999, 2.366]",1.363,-1.45021,11.399,61,0.6766000000000001,-7.35911,2.0898,2.8255999999999997,0.6863999999999999,0.7267999999999999,5.9089,4.27581,"(2.366, 6.96]",3.5890000000000004,-4.237635,11.411999999999999,60,2.99664,-11.87756,4.742679999999998,-0.7252592800000001,0.5923600000000002,1.1536799999999978,7.639925000000001,3.51237572
BE-Lcr,DBF,"(0.003999999, 2.8065]",1.741,-2.935565,11.761,60,1.1088799999999999,-8.4482196,2.4746799999999998,2.243803999999996,0.6321200000000002,0.7336799999999997,5.512654599999999,5.179368999999996,"(2.8065, 7.727]",3.7085,-4.441215,11.752,60,3.173,-15.43562,4.688079999999999,2.652816799999996,0.5354999999999999,0.9795799999999995,10.994405,7.094031799999996
BE-Lcr,DBF,"(0.28899999899999995, 2.725]",1.497,-0.788368,12.048,61,0.8383999999999999,-8.11007,2.4342,3.7804159999999993,0.6586000000000002,0.9372,7.321702,4.568783999999999,"(2.725, 9.175]",3.8415,-5.646815,12.05,60,3.15268,-13.613056,4.991039999999999,1.0473443999999996,0.6888199999999998,1.1495399999999991,7.966241,6.6941594
BE-Lcr,DBF,"(0.010999999, 2.521]",1.527,-2.06593,12.257,61,0.5098,-8.830006000000001,2.235,4.55168,1.0171999999999999,0.708,6.764076000000001,6.61761,"(2.521, 9.166]",4.2844999999999995,-7.267585,12.2645,60,3.14336,-16.836024,6.2862399999999985,0.5923613199999992,1.1411399999999996,2.001739999999999,9.568438999999998,7.85994632
BE-Lcr,DBF,"(0.074999999, 3.254]",1.636,-2.69411,12.491,61,0.8336,-9.235308,2.7658,3.694572,0.8023999999999999,1.1298000000000001,6.541198,6.388681999999999,"(3.254, 9.039]",4.646,-5.58963,12.474499999999999,60,3.6953199999999997,-15.593112,6.1813199999999995,-0.09140088000000823,0.9506800000000002,1.5353199999999996,10.003482,5.4982291199999915
BE-Lcr,DBF,"(0.007999999, 3.094]",1.815,-2.63677,12.684,61,0.717,-9.581856,2.5584,3.844724,1.0979999999999999,0.7433999999999998,6.945086,6.481494,"(3.094, 9.117]",4.342,-5.15937,12.708,60,3.49032,-18.046856000000002,5.57644,0.07358591999999498,0.8516799999999995,1.2344400000000002,12.887486000000003,5.232955919999995
BE-Lcr,DBF,"(0.014999999, 3.144]",2.108,-3.88198,12.905,61,0.959,-12.53416,2.5934,1.65156,1.149,0.48539999999999983,8.65218,5.53354,"(3.144, 8.631]",4.571999999999999,-5.381265,12.907499999999999,60,3.7028,-16.722884,6.257039999999997,-1.590074800000002,0.8691999999999993,1.685039999999998,11.341619000000001,3.791190199999998
BE-Lcr,DBF,"(0.008999999, 3.5335]",2.2445,-5.06304,13.129,60,0.84736,-11.724336,2.8592,1.1479731999999998,1.3971399999999998,0.6147,6.661295999999999,6.2110132,"(3.5335, 9.656]",4.829,-5.458830000000001,13.107,60,4.03044,-15.875392,7.3286,-1.3419716000000006,0.7985600000000002,2.4996,10.416561999999999,4.1168584
BE-Lcr,DBF,"(0.315999999, 3.027]",1.511,-2.8557,13.354,61,0.6095999999999999,-8.861054,2.5624,4.181936,0.9014,1.0514,6.005353999999999,7.037636000000001,"(3.027, 9.883]",4.96,-8.44097,13.357,61,3.7096,-17.7186,6.1384,-2.2667040000000003,1.2504,1.1784,9.277629999999998,6.174265999999999
BE-Lcr,DBF,"(0.106999999, 3.573]",1.9075,-4.4642,13.555,60,0.8566,-12.002672,2.92024,3.4864299999999986,1.0509,1.0127400000000002,7.5384720000000005,7.9506299999999985,"(3.573, 9.824]",5.557,-8.27113,13.563,59,4.25716,-17.253364,6.95564,1.2618831999999998,1.2998400000000006,1.3986399999999994,8.982234000000002,9.5330132
BE-Lcr,DBF,"(0.037999999, 3.0955]",1.477,-2.66674,13.705,61,0.7358,-10.122366000000001,2.5578,4.392669999999999,0.7412000000000001,1.0807999999999998,7.455626000000001,7.059409999999999,"(3.0955, 10.402]",5.207,-8.22023,13.722,61,3.9022,-17.215139999999998,6.8106,-1.1715500000000005,1.3047999999999997,1.6036000000000001,8.994909999999997,7.04868
BE-Lcr,DBF,"(0.011999999, 3.2585]",1.571,-2.713965,13.895,62,0.77,-10.777548,2.5922399999999994,3.1620755999999997,0.8009999999999999,1.0212399999999995,8.063583,5.8760406,"(3.2585, 10.196]",5.599,-8.18329,13.912500000000001,62,4.1866,-15.929876,7.34744,-0.90775664,1.4123999999999999,1.7484399999999996,7.746586000000001,7.27553336
BE-Lcr,DBF,"(0.067999999, 3.6]",1.954,-4.83113,14.051,59,0.80636,-14.254223999999999,3.1265199999999997,2.3509479999999994,1.14764,1.1725199999999998,9.423093999999999,7.182077999999999,"(3.6, 10.721]",5.385,-9.51379,14.062000000000001,58,4.10724,-19.40702,7.704359999999996,-0.9993105600000033,1.2777599999999998,2.319359999999996,9.893229999999999,8.514479439999997
BE-Lcr,DBF,"(0.075999999, 3.5265]",1.805,-2.76182,14.205,60,0.65444,-11.2532592,2.9087999999999994,3.1372511999999992,1.15056,1.1037999999999994,8.4914392,5.8990712,"(3.5265, 10.34]",5.9495000000000005,-8.926555,14.222,60,4.74464,-17.971904,7.629399999999999,-1.0435921600000035,1.20486,1.6798999999999982,9.045348999999998,7.882962839999997
BE-Lcr,DBF,"(0.037999999, 3.8855]",2.087,-3.33411,14.363,61,0.6608,-13.153360000000001,3.32,3.498652,1.4262000000000001,1.2329999999999997,9.81925,6.832762,"(3.8855, 10.814]",6.085,-9.5878,14.354,61,4.5283999999999995,-19.9386,7.601,-3.0769940000000005,1.5566000000000004,1.516,10.350800000000001,6.510805999999999
BE-Lcr,DBF,"(0.380999999, 3.937]",2.341,-3.978485,14.493500000000001,60,0.8014,-14.073228,3.6237999999999997,2.4259287999999994,1.5396,1.2827999999999995,10.094743000000001,6.4044137999999995,"(3.937, 11.208]",6.491,-9.934685,14.501000000000001,60,4.399,-17.348832,8.284999999999998,-2.2028560000000006,2.0919999999999996,1.7939999999999987,7.414147000000002,7.731828999999999
BE-Lcr,DBF,"(0.653999999, 3.159]",1.997,-2.19085,14.648,61,0.8852,-13.3827,2.7565999999999997,3.42928,1.1118000000000001,0.7595999999999996,11.191849999999999,5.62013,"(3.159, 11.388]",4.856,-8.255135000000001,14.6405,60,3.8467599999999997,-19.122052,6.87204,-1.1978964000000025,1.0092400000000001,2.0160400000000003,10.866916999999999,7.057238599999998
BE-Lcr,DBF,"(0.41499999899999995, 3.943]",2.3280000000000003,-5.926075,14.799,60,1.27456,-13.489308000000001,3.09868,2.872790799999997,1.0534400000000004,0.7706799999999996,7.563233000000001,8.798865799999998,"(3.943, 8.701]",5.8134999999999994,-5.4886800000000004,14.7925,60,4.22004,-12.95632,7.43668,1.4843043999999987,1.5934599999999994,1.6231800000000005,7.467639999999999,6.9729844
BE-Lcr,DBF,"(0.047999999, 3.826]",2.125,-3.47174,14.931,61,0.828,-12.78192,3.1912,3.268797999999999,1.2970000000000002,1.0661999999999998,9.310179999999999,6.740537999999999,"(3.826, 11.05]",5.3740000000000006,-6.610335,14.9485,60,4.19472,-17.558212,7.125439999999999,1.1830083999999998,1.1792800000000003,1.7514399999999988,10.947877000000002,7.7933433999999995
BE-Lcr,DBF,"(0.129999999, 4.091]",2.1965,-5.254255000000001,15.095,62,0.91212,-15.729464,3.5754799999999998,3.2229123999999962,1.2843799999999999,1.3789799999999999,10.475209,8.477167399999997,"(4.091, 10.518]",6.807,-10.8372,15.08,61,5.0802,-20.24614,8.3262,-1.1866984000000012,1.7268000000000008,1.5191999999999997,9.408940000000001,9.650501599999998
BE-Lcr,DBF,"(0.456999999, 4.159]",2.643,-4.83848,15.227,59,1.00448,-13.444792,3.59772,3.2146995999999994,1.6385199999999998,0.95472,8.606311999999999,8.0531796,"(4.159, 11.335]",6.035,-11.2164,15.236,59,4.63848,-18.8769,8.17112,-2.8381384,1.3965199999999998,2.13612,7.660499999999999,8.3782616
BE-Lcr,DBF,"(0.441999999, 4.2315]",2.211,-4.17113,15.361,61,0.8168,-12.88774,3.3844,3.616678,1.3941999999999999,1.1734,8.716610000000001,7.787808,"(4.2315, 12.025]",6.326,-10.8181,15.373,61,4.7056000000000004,-18.11018,7.6621999999999995,-1.7626560000000002,1.6203999999999992,1.3361999999999998,7.29208,9.055444
BE-Lcr,DBF,"(0.454999999, 4.2745]",2.527,-4.216175,15.503,60,1.09264,-14.104576,3.7531199999999996,3.1533079999999996,1.43436,1.2261199999999994,9.888401,7.369482999999999,"(4.2745, 11.022]",6.8,-7.18959,15.506499999999999,60,4.74184,-19.049016,8.80008,-0.5903650000000022,2.05816,2.0000799999999996,11.859426000000003,6.599224999999998
BE-Lcr,DBF,"(0.527999999, 4.407]",2.161,-6.20358,15.668,61,0.967,-15.5067,3.9148,2.7133879999999992,1.194,1.7538,9.30312,8.916967999999999,"(4.407, 11.735]",6.4915,-6.9708749999999995,15.6655,60,5.07008,-17.573648,8.54356,-1.5644956000000003,1.4214200000000003,2.052059999999999,10.602773,5.406379399999999
BE-Lcr,DBF,"(0.5609999990000001, 4.337]",3.1515,-5.81334,15.786,60,1.13164,-15.51018,3.8525199999999997,0.46259898399999544,2.01986,0.7010199999999998,9.69684,6.275938983999995,"(4.337, 9.944]",6.128500000000001,-9.798034999999999,15.781,60,4.86672,-17.943544,7.7714799999999995,-1.4797788000000018,1.2617800000000008,1.6429799999999988,8.145509,8.318256199999997
BE-Lcr,DBF,"(0.112999999, 5.052]",2.617,-7.78973,15.941,61,1.3155999999999999,-18.235039999999998,4.2748,2.607464,1.3014000000000001,1.6578,10.44531,10.397193999999999,"(5.052, 13.19]",7.029,-11.60325,15.9375,60,5.61812,-23.267580000000002,8.33892,-1.9805492,1.4108799999999997,1.30992,11.664330000000003,9.622700799999999
BE-Lcr,DBF,"(0.271999999, 5.027]",3.486,-9.26003,16.068,61,0.9588,-19.92916,4.5902,1.610174,2.5272,1.1042,10.66913,10.870204000000001,"(5.027, 12.193]",7.141500000000001,-10.02601,16.079,60,5.79304,-19.926912,8.955359999999999,-4.966913200000003,1.3484600000000002,1.8138599999999983,9.900902000000002,5.059096799999996
BE-Lcr,DBF,"(0.273999999, 4.983]",2.542,-7.73837,16.179,61,0.8154,-15.81832,3.9672,2.557249999999998,1.7266,1.4252000000000002,8.07995,10.295619999999998,"(4.983, 10.374]",7.0625,-13.15645,16.1915,60,5.7092,-19.665852,8.46524,-5.205703200000001,1.3533,1.4027399999999997,6.5094020000000015,7.950746799999998
BE-Lcr,DBF,"(0.35099999899999995, 5.475]",3.2495000000000003,-6.7764050000000005,16.276,60,1.1896799999999998,-17.202828,4.43832,3.2113263999999972,2.05982,1.1888199999999998,10.426423,9.987731399999998,"(5.475, 12.558]",7.3055,-9.964205,16.283,60,6.135199999999999,-16.408268,8.88876,-3.3822236000000028,1.170300000000001,1.5832599999999992,6.444063,6.5819813999999965
BE-Lcr,DBF,"(0.5509999990000001, 4.75]",3.07,-10.2394,16.404,61,1.0864,-19.05264,4.2242,-0.6930888000000008,1.9835999999999998,1.1542,8.81324,9.546311199999998,"(4.75, 13.625]",7.1690000000000005,-12.2312,16.387,60,5.67908,-18.267,9.321399999999999,-3.013871200000002,1.4899200000000006,2.1523999999999983,6.0358,9.217328799999997
BE-Lcr,DBF,"(0.49299999899999997, 5.312]",3.313,-7.14154,16.497,61,1.464,-16.39856,4.5918,3.1217699999999993,1.8490000000000002,1.2788,9.25702,10.263309999999999,"(5.312, 12.864]",7.517,-9.70343,16.509,61,6.0122,-16.62474,9.3074,-2.1951720000000003,1.5048000000000004,1.790399999999999,6.921309999999998,7.5082580000000005
BE-Lcr,DBF,"(0.387999999, 5.2075]",3.2595,-10.00656,16.639499999999998,60,1.66168,-18.558332,4.754,1.0149237639999904,1.59782,1.4944999999999995,8.551772,11.02148376399999,"(5.2075, 14.024]",7.3100000000000005,-12.72945,16.633000000000003,60,5.8104,-22.263964,8.7986,-3.6836096000000014,1.499600000000001,1.4886,9.534514000000001,9.0458404
BE-Lcr,DBF,"(0.567999999, 5.3055]",2.934,-7.971550000000001,16.7425,60,1.38208,-19.119472000000002,4.40272,4.562680399999997,1.5519200000000002,1.4687200000000002,11.147922000000001,12.534230399999998,"(5.3055, 11.149]",7.1645,-12.1374,16.740499999999997,60,5.6036399999999995,-21.682216,8.65092,-4.971229600000001,1.5608600000000008,1.486419999999999,9.544816,7.166170399999999
BE-Lcr,DBF,"(1.0389999989999998, 5.277]",3.782,-8.86452,16.866,61,2.3096,-20.78106,4.8156,0.6588603999999942,1.4724,1.0335999999999999,11.91654,9.523380399999995,"(5.277, 13.154]",7.281,-10.2654,16.848,60,5.703720000000001,-21.565604,8.961039999999999,-3.0571536000000012,1.5772799999999991,1.680039999999999,11.300204,7.208246399999998
BE-Lcr,DBF,"(0.216999999, 5.294]",3.067,-8.10288,16.958,61,1.964,-17.19272,4.7974000000000006,2.866522,1.1030000000000002,1.7304000000000004,9.08984,10.969402,"(5.294, 13.364]",7.8740000000000006,-14.682,16.9535,60,6.07944,-23.079608,10.779199999999998,-3.8025840000000026,1.7945600000000006,2.905199999999997,8.397608,10.879415999999997
BE-Lcr,DBF,"(0.169999999, 5.558]",3.733,-10.7935,17.067,61,2.15,-17.9271,4.7196,-0.22231720000000266,1.5830000000000002,0.9865999999999997,7.1335999999999995,10.571182799999997,"(5.558, 12.121]",8.416,-8.97717,17.046,61,6.3812,-19.75648,9.8432,-0.6038996000000004,2.0348000000000006,1.4271999999999991,10.77931,8.3732704
BE-Lcr,DBF,"(0.154999999, 5.673]",3.9955000000000003,-9.75873,17.1625,60,2.24964,-16.29116,5.15168,0.9516899199999996,1.7458600000000004,1.1561799999999995,6.5324300000000015,10.71041992,"(5.673, 11.714]",7.669,-13.7919,17.154,59,6.33852,-22.599852,9.42844,-2.4588544000000003,1.3304799999999997,1.7594400000000006,8.807951999999998,11.3330456
BE-Lcr,DBF,"(0.132999999, 5.594]",3.069,-6.81133,17.253,61,1.9928,-15.91586,4.8831999999999995,1.7476339999999992,1.0762,1.8141999999999996,9.10453,8.558964,"(5.594, 13.637]",8.095,-11.5732,17.258,61,6.238,-18.67068,10.188,-4.103094000000001,1.8570000000000002,2.093,7.097480000000001,7.470105999999999
BE-Lcr,DBF,"(0.086999999, 5.418]",3.641,-12.279499999999999,17.371499999999997,60,2.2913200000000002,-20.38178,4.9666,-2.9974972,1.3496799999999998,1.3255999999999997,8.10228,9.282002799999999,"(5.418, 12.021]",8.188500000000001,-12.3711,17.374499999999998,60,6.42368,-22.316484,10.23472,-2.518412800000001,1.7648200000000012,2.046219999999998,9.945383999999999,9.852687199999998
BE-Lcr,DBF,"(0.985999999, 5.838]",3.996,-10.3565,17.498,61,2.5902000000000003,-21.65294,5.363,0.28216339999999784,1.4057999999999997,1.3670000000000004,11.29644,10.638663399999999,"(5.838, 12.578]",7.8605,-13.0449,17.4895,60,6.42372,-21.495936,9.99564,-1.483207600000003,1.4367799999999997,2.13514,8.451036,11.561692399999997
BE-Lcr,DBF,"(0.9329999990000001, 6.2965]",4.124499999999999,-9.453669999999999,17.593,60,2.3149599999999997,-18.571096,5.6255999999999995,-1.4761040000000012,1.8095399999999997,1.5011,9.117426000000002,7.977565999999998,"(6.2965, 12.536]",8.4575,-11.873249999999999,17.6015,60,6.9587200000000005,-21.369528000000003,10.29624,-3.2787876000000002,1.4987799999999991,1.8387399999999996,9.496278000000004,8.594462399999998
BE-Lcr,DBF,"(0.5329999990000001, 6.007]",4.018,-12.8534,17.718,61,2.5498,-21.4556,5.4264,-2.1802840000000008,1.4682,1.4084000000000003,8.6022,10.673116,"(6.007, 12.401]",7.996,-9.99631,17.707,61,6.4412,-21.87898,9.753200000000001,-4.225540000000001,1.5548000000000002,1.757200000000001,11.88267,5.770769999999998
BE-Lcr,DBF,"(0.871999999, 5.9485]",3.9610000000000003,-8.293050000000001,17.822000000000003,60,2.4235599999999997,-19.310444,5.08296,-2.746294000000005,1.5374400000000006,1.1219599999999996,11.017394,5.546755999999996,"(5.9485, 12.588]",8.2815,-12.9497,17.818,60,6.69292,-21.593528,10.225999999999999,-3.8159652000000017,1.5885799999999994,1.9444999999999997,8.643828,9.1337348
BE-Lcr,DBF,"(0.590999999, 6.103]",3.963,-12.344899999999999,17.918,62,2.68172,-21.298488,5.66236,-7.044551200000003,1.2812800000000002,1.6993599999999995,8.953588,5.3003487999999965,"(6.103, 11.409]",8.363,-14.2246,17.932,61,6.5687999999999995,-23.3836,10.23,-4.9268740000000015,1.7942,1.8670000000000009,9.159,9.297725999999999
BE-Lcr,DBF,"(1.281999999, 5.8595]",3.952,-9.60159,18.031,59,3.30488,-18.425988,4.88216,-1.1643556000000002,0.6471200000000001,0.9301599999999999,8.824398,8.4372344,"(5.8595, 12.892]",8.176,-15.5676,18.034,59,6.79004,-23.92076,10.572439999999999,-4.9289452,1.3859599999999999,2.3964399999999983,8.35316,10.638654800000001
BE-Lcr,DBF,"(1.2589999989999998, 6.82]",4.422,-13.2099,18.117,61,2.7998,-21.4069,6.1664,-4.431080000000001,1.6221999999999999,1.7444000000000006,8.197000000000001,8.77882,"(6.82, 13.687]",9.486,-10.84155,18.115499999999997,60,7.66712,-23.789172,10.830479999999998,-2.951906800000002,1.818880000000001,1.3444799999999972,12.947622,7.889643199999998
BE-Lcr,DBF,"(0.834999999, 6.5165]",4.312,-8.89582,18.227,61,3.1892,-22.31062,5.7738,0.9955153997999965,1.1228000000000002,1.4617999999999993,13.4148,9.891335399799997,"(6.5165, 13.135]",9.02,-13.8066,18.228,61,7.2432,-25.396900000000002,10.8984,-4.9090240000000005,1.7767999999999997,1.878400000000001,11.590300000000003,8.897575999999999
BE-Lcr,DBF,"(0.738999999, 6.8375]",5.1739999999999995,-16.1628,18.349,60,3.4002399999999997,-24.956704000000002,6.215879999999999,-4.885510000000002,1.7737599999999998,1.04188,8.793904000000001,11.277289999999999,"(6.8375, 13.463]",9.215,-10.68365,18.335,60,7.398,-21.009864,10.85692,-5.708419600000004,1.8170000000000002,1.6419200000000007,10.326214,4.9752303999999965
BE-Lcr,DBF,"(0.726999999, 7.0045]",4.7010000000000005,-9.638865,18.453000000000003,60,3.2065200000000003,-20.29016,6.38456,-1.358357760000004,1.4944800000000003,1.683559999999999,10.651295000000001,8.280507239999995,"(7.0045, 13.527]",8.424,-14.42525,18.4535,60,7.35916,-20.93682,10.886719999999999,-2.567854000000001,1.0648399999999993,2.462719999999999,6.511570000000001,11.857396
BE-Lcr,DBF,"(1.462999999, 8.106]",5.737,-15.0128,18.576,61,3.7331999999999996,-23.74424,7.3267999999999995,-2.611434000000001,2.0038000000000005,1.5897999999999994,8.731440000000001,12.401366,"(8.106, 16.205]",9.988,-13.407499999999999,18.552999999999997,60,8.5832,-21.666276,11.43848,-4.011896800000001,1.4047999999999998,1.4504800000000007,8.258776000000001,9.395603199999998
BE-Lcr,DBF,"(0.653999999, 6.841]",4.8,-12.4335,18.674,61,2.838,-22.88184,5.9594,-0.11798480000000222,1.9619999999999997,1.1593999999999998,10.44834,12.315515199999998,"(6.841, 12.441]",8.3445,-15.849699999999999,18.679000000000002,60,7.42032,-27.389568,10.4018,-4.462155600000003,0.9241799999999998,2.0572999999999997,11.539868000000002,11.387544399999996
BE-Lcr,DBF,"(0.6749999990000001, 7.0155]",4.947,-13.48825,18.7935,60,3.3363599999999995,-23.11522,6.1266,-2.113698400000001,1.6106400000000005,1.1795999999999998,9.62697,11.3745516,"(7.0155, 13.739]",8.862,-14.050450000000001,18.794,60,7.643,-21.155988,10.91188,-6.328137200000005,1.2190000000000003,2.04988,7.105537999999999,7.7223127999999965
BE-Lcr,DBF,"(0.732999999, 6.891]",5.347,-11.9628,18.909,61,4.0354,-21.81266,6.6444,-1.4080820000000012,1.3116000000000003,1.2973999999999997,9.849860000000001,10.554717999999998,"(6.891, 13.971]",9.451,-14.18955,18.8955,60,7.79884,-23.6928,11.49512,-3.8199132000000007,1.6521600000000003,2.0441199999999995,9.503249999999998,10.3696368
BE-Lcr,DBF,"(1.492999999, 8.1185]",5.251,-13.131,19.02,61,3.4562,-22.644,6.7214,-0.17997120000000116,1.7948000000000004,1.4703999999999997,9.512999999999998,12.9510288,"(8.1185, 13.902]",10.072,-16.9728,19.029,61,8.6342,-24.59206,12.2926,-9.370118,1.4377999999999993,2.220600000000001,7.619260000000001,7.602682
BE-Lcr,DBF,"(0.648999999, 8.036]",5.606,-12.4886,19.147,61,3.9096,-21.914379999999998,6.775599999999999,-1.5102360000000004,1.6963999999999997,1.169599999999999,9.425779999999998,10.978364,"(8.036, 13.952]",10.344000000000001,-14.36625,19.125,60,8.86052,-21.727272,11.720519999999999,-7.854892000000001,1.483480000000002,1.3765199999999975,7.361021999999998,6.5113579999999995
BE-Lcr,DBF,"(2.754999999, 8.442]",5.6850000000000005,-13.3101,19.257,60,4.30712,-23.280216,7.12188,-5.423943200000005,1.3778800000000002,1.4368799999999995,9.970115999999999,7.886156799999995,"(8.442, 14.717]",9.75,-12.6254,19.23,59,8.96336,-22.994012,11.796000000000001,-5.064885600000001,0.7866400000000002,2.046000000000001,10.368612,7.5605144
BE-Lcr,DBF,"(1.011999999, 8.176]",6.407,-12.9665,19.365,61,4.4062,-22.23254,7.6416,-3.984014,2.0008,1.2346000000000004,9.26604,8.982486,"(8.176, 14.863]",10.4825,-14.99045,19.3625,60,8.812759999999999,-24.424452000000002,12.269519999999998,-3.1028652000000014,1.669740000000001,1.7870199999999983,9.434002000000003,11.887584799999997
BE-Lcr,DBF,"(0.951999999, 8.344]",5.997,-12.6037,19.459,61,4.2102,-23.38364,7.7526,-3.224222000000001,1.7867999999999995,1.7556000000000003,10.77994,9.379477999999999,"(8.344, 15.405]",10.271,-15.8688,19.4475,60,8.8522,-25.702352,12.15392,-5.905102000000003,1.418800000000001,1.8829199999999986,9.833552000000001,9.963697999999997
BE-Lcr,DBF,"(1.233999999, 7.698]",6.303,-15.453,19.569,61,4.348,-22.89596,7.332,-4.049122000000002,1.955,1.029,7.442959999999999,11.403877999999997,"(7.698, 17.993]",10.5495,-16.41315,19.5805,60,9.0968,-23.612628,12.552959999999999,-4.807155600000001,1.4527,2.0034599999999987,7.199477999999999,11.6059944
BE-Lcr,DBF,"(2.223999999, 8.812]",6.992,-12.179,19.689,61,4.7326,-24.53084,8.2618,-4.71439,2.2594000000000003,1.2697999999999992,12.351840000000001,7.46461,"(8.812, 15.689]",10.7845,-16.2602,19.69,60,9.37976,-24.324504,12.509759999999998,-7.76626840000001,1.4047400000000003,1.7252599999999987,8.064304,8.493931599999991
BE-Lcr,DBF,"(1.5389999989999998, 8.624]",6.237,-15.436250000000001,19.7865,60,4.28508,-24.966956,7.96596,-3.4490684000000025,1.9519200000000003,1.7289599999999998,9.530705999999999,11.9871816,"(8.624, 15.774]",10.896,-17.0658,19.811,60,9.3296,-24.270492,12.85004,-6.601196800000002,1.5664000000000016,1.954039999999999,7.204692000000001,10.464603199999997
BE-Lcr,DBF,"(0.977999999, 8.74]",6.796,-11.9965,19.907,61,5.303,-20.91382,8.1152,-5.400302000000001,1.4930000000000003,1.3191999999999995,8.917320000000002,6.5961979999999985,"(8.74, 15.548]",11.035499999999999,-15.806650000000001,19.932499999999997,60,9.30636,-23.492512,13.39632,-5.1144560000000014,1.7291399999999992,2.3608200000000004,7.685862,10.692194
BE-Lcr,DBF,"(0.992999999, 8.863]",7.35,-13.9437,20.048,61,5.1074,-22.46324,8.5022,-3.495108000000001,2.2425999999999995,1.1522000000000006,8.51954,10.448591999999998,"(8.863, 16.21]",11.309,-13.110700000000001,20.0525,60,9.5968,-25.234312,13.72232,-5.8678832000000005,1.7121999999999993,2.4133200000000006,12.123611999999998,7.242816800000001
BE-Lcr,DBF,"(1.938999999, 8.7805]",6.723,-15.3123,20.169,61,4.3632,-23.63906,8.013399999999999,-4.93465,2.3598,1.290399999999999,8.32676,10.37765,"(8.7805, 15.992]",10.401,-15.0821,20.176,61,9.1356,-24.10918,12.8326,-5.755294000000001,1.2653999999999996,2.4315999999999995,9.027079999999998,9.326806
BE-Lcr,DBF,"(1.172999999, 8.55]",7.4705,-15.498149999999999,20.309,60,5.79932,-25.851672,8.327960000000001,-3.0154300000000007,1.6711800000000006,0.8574600000000006,10.353522000000002,12.482719999999999,"(8.55, 15.35]",9.855,-14.92145,20.293,60,9.01372,-24.611904,11.13372,-7.5583248,0.8412800000000011,1.2787199999999999,9.690453999999999,7.3631252
BE-Lcr,DBF,"(1.7709999989999998, 8.588]",6.968,-12.5218,20.442,61,4.6937999999999995,-22.74454,8.146600000000001,-5.123886000000001,2.2742000000000004,1.1786000000000012,10.22274,7.397914,"(8.588, 19.094]",10.462,-13.23265,20.4325,60,9.47752,-25.34274,12.302999999999999,-3.481728000000001,0.9844799999999996,1.8409999999999993,12.11009,9.750922
BE-Lcr,DBF,"(1.4559999989999999, 9.0245]",7.949,-11.9912,20.569,61,4.9782,-24.113059999999997,8.628,-0.8533300000000053,2.9707999999999997,0.6790000000000003,12.121859999999998,11.137869999999994,"(9.0245, 16.898]",10.421,-16.0385,20.58,61,9.545599999999999,-25.24862,13.1488,-4.498426000000001,0.8754000000000008,2.7278000000000002,9.21012,11.540073999999997
BE-Lcr,DBF,"(1.214999999, 9.3885]",7.273,-16.3966,20.699,59,5.426799999999999,-24.414856,8.99032,-3.0592076,1.8462000000000005,1.7173200000000008,8.018256000000001,13.337392399999999,"(9.3885, 17.028]",11.144,-16.0667,20.709,59,9.891960000000001,-25.386528000000002,13.14456,-5.135369600000001,1.2520399999999992,2.00056,9.319828000000001,10.9313304
BE-Lcr,DBF,"(3.770999999, 10.019]",8.224,-14.5894,20.837,61,5.3166,-23.69932,9.6884,-5.887328,2.9074,1.4643999999999995,9.10992,8.702072,"(10.019, 19.589]",12.160499999999999,-12.7532,20.860500000000002,60,10.544080000000001,-22.172216,14.75308,-4.6290712,1.616419999999998,2.5925800000000017,9.419016,8.1241288
BE-Lcr,DBF,"(1.9459999989999999, 10.029]",7.942,-13.5119,20.997,61,5.7906,-22.626420000000003,9.3462,-3.4300100000000016,2.1513999999999998,1.4041999999999994,9.114520000000002,10.08189,"(10.029, 17.22]",12.443,-14.254850000000001,20.997,60,10.7456,-21.232960000000002,14.311079999999999,-5.6093412,1.6974,1.868079999999999,6.978110000000001,8.645508800000002
BE-Lcr,DBF,"(4.254999999, 10.148]",8.518,-13.423549999999999,21.162,60,6.45472,-22.6455,9.6046,-4.4300468,2.0632800000000007,1.086599999999999,9.22195,8.9935032,"(10.148, 19.499]",12.325,-17.166249999999998,21.149,60,10.68076,-25.623268,14.745679999999997,-8.337844800000001,1.64424,2.4206799999999973,8.457018000000001,8.828405199999997
BE-Lcr,DBF,"(2.3279999989999998, 10.278]",8.416,-13.761,21.295,61,6.4894,-22.63338,9.826600000000001,-7.245242,1.9266000000000005,1.4106000000000005,8.87238,6.515757999999999,"(10.278, 19.433]",12.036000000000001,-14.7919,21.311999999999998,60,11.0626,-25.006228,14.53516,-7.951400000000001,0.9734000000000016,2.499159999999998,10.214328,6.840499999999999
BE-Lcr,DBF,"(1.9179999989999998, 10.84]",8.976,-14.691,21.452,61,6.2328,-23.67022,10.2362,-5.723276,2.7432000000000007,1.2601999999999993,8.97922,8.967724,"(10.84, 19.015]",12.4705,-15.14775,21.486,60,11.31916,-22.588948,14.81616,-5.065677600000002,1.1513399999999994,2.3456600000000005,7.441197999999998,10.082072399999998
BE-Lcr,DBF,"(3.877999999, 11.115]",9.04,-12.75235,21.633499999999998,62,6.9834,-22.737047999999998,10.538039999999999,-3.075623200000002,2.0565999999999995,1.4980399999999996,9.984697999999998,9.676726799999997,"(11.115, 17.34]",13.01,-15.1245,21.638,61,12.087,-27.14542,15.276399999999999,-5.829628000000001,0.923,2.266399999999999,12.020920000000002,9.294871999999998
BE-Lcr,DBF,"(2.805999999, 10.773]",9.168,-15.53185,21.834,60,6.60524,-24.796315999999997,10.41452,-5.420105600000003,2.562759999999999,1.2465200000000003,9.264465999999997,10.111744399999997,"(10.773, 17.191]",13.036,-17.5394,21.841,59,11.382480000000001,-26.193476,15.02064,-4.7394344,1.6535199999999985,1.9846400000000006,8.654076,12.7999656
BE-Lcr,DBF,"(4.653999999, 11.7745]",9.946,-15.273050000000001,22.0255,60,7.35632,-26.156036,11.08368,-3.4327288000000027,2.5896799999999995,1.1376799999999996,10.882985999999999,11.840321199999998,"(11.7745, 19.741]",13.5715,-17.853949999999998,22.018,60,12.353439999999999,-24.469144,15.047679999999998,-7.642617200000002,1.2180600000000013,1.4761799999999976,6.6151940000000025,10.211332799999996
BE-Lcr,DBF,"(5.123999999, 11.573]",9.432,-12.2424,22.233,61,7.0332,-22.30264,11.2202,-2.857668000000001,2.3988000000000005,1.7881999999999998,10.06024,9.384732,"(11.573, 19.398]",13.674,-14.6486,22.21,60,12.39684,-22.901664,15.875119999999999,-6.416799200000001,1.2771600000000003,2.2011199999999995,8.253064,8.231800799999998
BE-Lcr,DBF,"(4.367999999, 12.237]",9.79,-14.9529,22.403,61,6.9938,-23.766260000000003,11.7176,-5.996312000000001,2.796199999999999,1.9276,8.813360000000003,8.956587999999998,"(12.237, 19.217]",13.96,-16.647100000000002,22.467,60,12.72828,-23.359724,15.799,-8.729524800000004,1.231720000000001,1.8389999999999986,6.712623999999998,7.917575199999998
BE-Lcr,DBF,"(5.300999999, 12.583]",10.236999999999998,-15.83595,22.637999999999998,62,7.5422,-26.001552,11.87164,-6.237893600000001,2.694799999999998,1.634640000000001,10.165602,9.598056399999999,"(12.583, 19.587]",14.374,-16.6854,22.655,59,13.21184,-22.637487999999998,16.14252,-7.776055600000001,1.16216,1.7685200000000005,5.952087999999996,8.9093444
BE-Lcr,DBF,"(4.081999999, 11.988]",10.315999999999999,-16.13925,22.8465,60,8.134,-23.020599999999998,11.35324,-7.591060400000001,2.1819999999999986,1.0372400000000006,6.881349999999998,8.5481896,"(11.988, 19.786]",14.2035,-13.675249999999998,22.882,60,13.08484,-22.627444,17.05488,-3.9810872000000006,1.1186600000000002,2.8513800000000007,8.952194000000002,9.694162799999997
BE-Lcr,DBF,"(6.298999999, 13.409]",11.013,-15.8509,23.093,61,9.109200000000001,-24.50462,12.604,-5.622056000000001,1.9037999999999986,1.5909999999999993,8.65372,10.228843999999999,"(13.409, 18.781]",14.905999999999999,-11.5814,23.128500000000003,60,14.01304,-20.290724,16.88744,-4.655211200000009,0.8929599999999986,1.9814400000000028,8.709324,6.926188799999991
BE-Lcr,DBF,"(7.013999999, 13.612]",11.392,-13.9544,23.402,61,9.5508,-22.76594,12.5226,-4.087660000000001,1.8411999999999988,1.1306000000000012,8.81154,9.866739999999998,"(13.612, 19.327]",15.146,-15.36845,23.3915,60,14.06388,-23.021131999999998,17.7198,-7.149167600000001,1.0821200000000015,2.5737999999999985,7.652681999999999,8.219282399999997
BE-Lcr,DBF,"(5.865999999, 13.59]",11.216,-12.8559,23.619,61,8.4256,-23.21756,12.7078,-5.736172,2.7904,1.4918000000000013,10.361659999999999,7.119728,"(13.59, 19.485]",15.375499999999999,-16.09565,23.6475,60,14.24704,-23.633508,17.85208,-8.165894400000004,1.1284599999999987,2.476580000000002,7.537858,7.929755599999995
BE-Lcr,DBF,"(6.723999999, 14.3]",11.863,-14.8565,23.869,61,10.12,-23.23488,13.3158,-3.9574320000000003,1.7430000000000003,1.4527999999999999,8.37838,10.899068,"(14.3, 19.873]",15.7075,-15.20575,23.8915,60,14.70216,-23.699924,17.06676,-5.928117600000008,1.0053400000000003,1.359259999999999,8.494174,9.277632399999991
BE-Lcr,DBF,"(6.813999999, 14.863]",12.539000000000001,-12.3683,24.198500000000003,60,9.7964,-23.055776,14.076039999999999,-5.6278148,2.7426000000000013,1.5370399999999975,10.687476000000002,6.740485199999999,"(14.863, 21.317]",16.4615,-16.17725,24.189,60,15.49732,-22.105624000000002,18.44128,-7.386707200000002,0.9641800000000007,1.979779999999998,5.928374000000002,8.790542799999999
BE-Lcr,DBF,"(7.648999999, 15.514]",13.158,-16.9619,24.445,61,10.8796,-24.15228,15.046199999999999,-8.653632,2.2783999999999995,1.8881999999999994,7.190380000000001,8.308268,"(15.514, 21.035]",17.1055,-14.5667,24.516,60,16.22124,-24.590996,19.08056,-6.6308332000000005,0.8842599999999976,1.9750599999999991,10.024296,7.9358668
BE-Lcr,DBF,"(9.092999999, 15.9065]",13.188500000000001,-17.06195,24.8495,60,10.95984,-28.820356,14.85844,-11.934148000000002,2.2286600000000014,1.6699399999999986,11.758406,5.127801999999997,"(15.9065, 22.417]",17.485,-13.87135,24.918999999999997,60,16.43796,-22.811072000000003,20.77656,-6.041922400000001,1.047039999999999,3.2915600000000005,8.939722000000003,7.829427599999999
BE-Lcr,DBF,"(9.029999999, 16.692]",14.04,-17.6527,25.332,61,11.5802,-27.70632,16.2868,-6.992466000000002,2.4597999999999995,2.2468000000000004,10.053620000000002,10.660233999999997,"(16.692, 22.875]",19.086,-11.660250000000001,25.37,60,17.59372,-22.374572,20.30844,-3.573127600000003,1.4922799999999974,1.2224400000000024,10.714322,8.087122399999998
BE-Lcr,DBF,"(9.582999999, 17.66]",15.214,-16.5954,25.938,61,13.3154,-28.555039999999998,16.6052,-6.939916,1.8986,1.3911999999999995,11.959639999999997,9.655484000000001,"(17.66, 23.643]",19.5435,-13.42395,25.9555,60,18.50464,-23.543184,21.73664,-6.841878800000001,1.0388600000000032,2.1931399999999996,10.119234,6.582071199999999
BE-Lcr,DBF,"(10.561999999, 17.461]",15.494,-19.5399,26.475,61,13.4526,-28.16948,17.0854,-9.682196,2.0413999999999994,1.5914000000000001,8.62958,9.857704,"(17.461, 25.533]",19.722,-15.5336,26.640500000000003,60,18.29816,-24.603732,22.89128,-4.023326000000002,1.423840000000002,3.169279999999997,9.070132000000001,11.510273999999999
BE-Lcr,DBF,"(10.927999999, 20.455]",17.61,-15.09065,27.509999999999998,60,15.4414,-23.774396,19.33288,-7.1413180000000045,2.1685999999999996,1.72288,8.683746,7.949331999999996,"(20.455, 25.646]",22.207500000000003,-11.828399999999998,27.7905,60,21.38356,-19.01086,24.41868,-4.765136400000003,0.8239400000000039,2.2111799999999953,7.1824600000000025,7.0632635999999955
BE-Lcr,DBF,"(14.521999999, 22.783]",19.221,-15.2126,28.776,61,17.3982,-21.79078,21.462,-8.840784000000001,1.8228000000000009,2.2409999999999997,6.5781800000000015,6.371815999999999,"(22.783, 30.017]",24.7165,-11.8897,28.8825,60,23.35764,-19.21698,27.691879999999998,-5.135830000000007,1.35886,2.9753799999999977,7.32728,6.753869999999993
BE-Lcr,DBF,"(18.424999999, 28.357]",23.429,-12.9502,30.207,61,20.6328,-18.625519999999998,27.725,-6.078196000000001,2.796199999999999,4.296000000000003,5.6753199999999975,6.872004,"(28.357, 33.835]",31.786,-9.784775,30.6025,60,29.4366,-16.470532000000002,33.10156,-4.076868400000001,2.349400000000003,1.3155599999999978,6.685757000000002,5.7079065999999985
BE-Lcr,DBF,"(24.356999999, 33.277]",30.653,-10.7801,32.007,61,28.5656,-17.49048,32.4548,-6.089904000000001,2.087399999999999,1.8018,6.7103800000000025,4.6901959999999985,"(33.277, 54.045]",41.019000000000005,-9.10152,34.867999999999995,60,34.42144,-14.801264000000002,49.20632,-3.390822400000001,6.5975600000000085,8.187319999999993,5.699744000000001,5.7106976
