SITE,.source,.filepath
BE-Lcr,ICOS,L:\Sync\luhk_work\40 - DATA\Datasets\2024 - FLUXNET ICOS FORESTS\DBF\2-FLUXFILES_PARQUET\ICOSETC_BE-Lcr_FLUXNET_HH_L2.csv.parquet
CZ-Lnz,ICOS,L:\Sync\luhk_work\40 - DATA\Datasets\2024 - FLUXNET ICOS FORESTS\DBF\2-FLUXFILES_PARQUET\ICOSETC_CZ-Lnz_FLUXNET_HH_L2.csv.parquet
DE-Hai,ICOS,L:\Sync\luhk_work\40 - DATA\Datasets\2024 - FLUXNET ICOS FORESTS\DBF\2-FLUXFILES_PARQUET\ICOSETC_DE-Hai_FLUXNET_HH_L2.csv.parquet
DE-HoH,ICOS,L:\Sync\luhk_work\40 - DATA\Datasets\2024 - FLUXNET ICOS FORESTS\DBF\2-FLUXFILES_PARQUET\ICOSETC_DE-HoH_FLUXNET_HH_L2.csv.parquet
DE-Hzd,ICOS,L:\Sync\luhk_work\40 - DATA\Datasets\2024 - FLUXNET ICOS FORESTS\DBF\2-FLUXFILES_PARQUET\ICOSETC_DE-Hzd_FLUXNET_HH_L2.csv.parquet
DK-Sor,ICOS,L:\Sync\luhk_work\40 - DATA\Datasets\2024 - FLUXNET ICOS FORESTS\DBF\2-FLUXFILES_PARQUET\ICOSETC_DK-Sor_FLUXNET_HH_L2.csv.parquet
FR-Fon,ICOS,L:\Sync\luhk_work\40 - DATA\Datasets\2024 - FLUXNET ICOS FORESTS\DBF\2-FLUXFILES_PARQUET\ICOSETC_FR-Fon_FLUXNET_HH_L2.csv.parquet
FR-Hes,ICOS,L:\Sync\luhk_work\40 - DATA\Datasets\2024 - FLUXNET ICOS FORESTS\DBF\2-FLUXFILES_PARQUET\ICOSETC_FR-Hes_FLUXNET_HH_L2.csv.parquet
IT-BFt,ICOS,L:\Sync\luhk_work\40 - DATA\Datasets\2024 - FLUXNET ICOS FORESTS\DBF\2-FLUXFILES_PARQUET\ICOSETC_IT-BFt_FLUXNET_HH_L2.csv.parquet
FR-Pue,ICOS,L:\Sync\luhk_work\40 - DATA\Datasets\2024 - FLUXNET ICOS FORESTS\EBF\2-FLUXFILES_PARQUET\ICOSETC_FR-Pue_FLUXNET_HH_L2.csv.parquet
GF-Guy,ICOS,L:\Sync\luhk_work\40 - DATA\Datasets\2024 - FLUXNET ICOS FORESTS\EBF\2-FLUXFILES_PARQUET\ICOSETC_GF-Guy_FLUXNET_HH_L2.csv.parquet
BE-Bra,ICOS,L:\Sync\luhk_work\40 - DATA\Datasets\2024 - FLUXNET ICOS FORESTS\ENF\2-FLUXFILES_PARQUET\ICOSETC_BE-Bra_FLUXNET_HH_L2.csv.parquet
CH-Dav,ICOS,L:\Sync\luhk_work\40 - DATA\Datasets\2024 - FLUXNET ICOS FORESTS\ENF\2-FLUXFILES_PARQUET\ICOSETC_CH-Dav_FLUXNET_HH_L2.csv.parquet
CZ-BK1,ICOS,L:\Sync\luhk_work\40 - DATA\Datasets\2024 - FLUXNET ICOS FORESTS\ENF\2-FLUXFILES_PARQUET\ICOSETC_CZ-BK1_FLUXNET_HH_L2.csv.parquet
DE-Msr,ICOS,L:\Sync\luhk_work\40 - DATA\Datasets\2024 - FLUXNET ICOS FORESTS\ENF\2-FLUXFILES_PARQUET\ICOSETC_DE-Msr_FLUXNET_HH_L2.csv.parquet
DE-RuW,ICOS,L:\Sync\luhk_work\40 - DATA\Datasets\2024 - FLUXNET ICOS FORESTS\ENF\2-FLUXFILES_PARQUET\ICOSETC_DE-RuW_FLUXNET_HH_L2.csv.parquet
DE-Tha,ICOS,L:\Sync\luhk_work\40 - DATA\Datasets\2024 - FLUXNET ICOS FORESTS\ENF\2-FLUXFILES_PARQUET\ICOSETC_DE-Tha_FLUXNET_HH_L2.csv.parquet
DK-Gds,ICOS,L:\Sync\luhk_work\40 - DATA\Datasets\2024 - FLUXNET ICOS FORESTS\ENF\2-FLUXFILES_PARQUET\ICOSETC_DK-Gds_FLUXNET_HH_L2.csv.parquet
FI-Hyy,ICOS,L:\Sync\luhk_work\40 - DATA\Datasets\2024 - FLUXNET ICOS FORESTS\ENF\2-FLUXFILES_PARQUET\ICOSETC_FI-Hyy_FLUXNET_HH_L2.csv.parquet
FI-Ken,ICOS,L:\Sync\luhk_work\40 - DATA\Datasets\2024 - FLUXNET ICOS FORESTS\ENF\2-FLUXFILES_PARQUET\ICOSETC_FI-Ken_FLUXNET_HH_L2.csv.parquet
FI-Let,ICOS,L:\Sync\luhk_work\40 - DATA\Datasets\2024 - FLUXNET ICOS FORESTS\ENF\2-FLUXFILES_PARQUET\ICOSETC_FI-Let_FLUXNET_HH_L2.csv.parquet
FI-Var,ICOS,L:\Sync\luhk_work\40 - DATA\Datasets\2024 - FLUXNET ICOS FORESTS\ENF\2-FLUXFILES_PARQUET\ICOSETC_FI-Var_FLUXNET_HH_L2.csv.parquet
FR-Bil,ICOS,L:\Sync\luhk_work\40 - DATA\Datasets\2024 - FLUXNET ICOS FORESTS\ENF\2-FLUXFILES_PARQUET\ICOSETC_FR-Bil_FLUXNET_HH_L2.csv.parquet
IT-Ren,ICOS,L:\Sync\luhk_work\40 - DATA\Datasets\2024 - FLUXNET ICOS FORESTS\ENF\2-FLUXFILES_PARQUET\ICOSETC_IT-Ren_FLUXNET_HH_L2.csv.parquet
IT-SR2,ICOS,L:\Sync\luhk_work\40 - DATA\Datasets\2024 - FLUXNET ICOS FORESTS\ENF\2-FLUXFILES_PARQUET\ICOSETC_IT-SR2_FLUXNET_HH_L2.csv.parquet
NL-Loo,ICOS,L:\Sync\luhk_work\40 - DATA\Datasets\2024 - FLUXNET ICOS FORESTS\ENF\2-FLUXFILES_PARQUET\ICOSETC_NL-Loo_FLUXNET_HH_L2.csv.parquet
BE-Vie,ICOS,L:\Sync\luhk_work\40 - DATA\Datasets\2024 - FLUXNET ICOS FORESTS\MF\2-FLUXFILES_PARQUET\ICOSETC_BE-Vie_FLUXNET_HH_L2.csv.parquet
CD-Ygb,ICOS,L:\Sync\luhk_work\40 - DATA\Datasets\2024 - FLUXNET ICOS FORESTS\MF\2-FLUXFILES_PARQUET\ICOSETC_CD-Ygb_FLUXNET_HH_L2.csv.parquet
DE-Har,ICOS,L:\Sync\luhk_work\40 - DATA\Datasets\2024 - FLUXNET ICOS FORESTS\MF\2-FLUXFILES_PARQUET\ICOSETC_DE-Har_FLUXNET_HH_L2.csv.parquet
IT-Cp2,ICOS,L:\Sync\luhk_work\40 - DATA\Datasets\2024 - FLUXNET ICOS FORESTS\MF\2-FLUXFILES_PARQUET\ICOSETC_IT-Cp2_FLUXNET_HH_L2.csv.parquet
BE-Lcr,FLUXNET,L:\Sync\luhk_work\40 - DATA\Datasets\2024 - FLUXNET ICOS FORESTS\DBF\2-FLUXFILES_PARQUET\FLX_BE-Lcr_FLUXNET2015_FULLSET_HH_2019-2022_1-3.csv.parquet
CZ-Lnz,FLUXNET,L:\Sync\luhk_work\40 - DATA\Datasets\2024 - FLUXNET ICOS FORESTS\DBF\2-FLUXFILES_PARQUET\FLX_CZ-Lnz_FLUXNET2015_FULLSET_HH_2015-2020_beta-3.csv.parquet
CZ-Stn,FLUXNET,L:\Sync\luhk_work\40 - DATA\Datasets\2024 - FLUXNET ICOS FORESTS\DBF\2-FLUXFILES_PARQUET\FLX_CZ-Stn_FLUXNET2015_FULLSET_HH_2010-2022_1-3.csv.parquet
DE-Hai,FLUXNET,L:\Sync\luhk_work\40 - DATA\Datasets\2024 - FLUXNET ICOS FORESTS\DBF\2-FLUXFILES_PARQUET\FLX_DE-Hai_FLUXNET2015_FULLSET_HH_2000-2023_1-3.csv.parquet
DE-HoH,FLUXNET,L:\Sync\luhk_work\40 - DATA\Datasets\2024 - FLUXNET ICOS FORESTS\DBF\2-FLUXFILES_PARQUET\FLX_DE-HoH_FLUXNET2015_FULLSET_HH_2015-2020_beta-3.csv.parquet
DE-Hzd,FLUXNET,L:\Sync\luhk_work\40 - DATA\Datasets\2024 - FLUXNET ICOS FORESTS\DBF\2-FLUXFILES_PARQUET\FLX_DE-Hzd_FLUXNET2015_FULLSET_HH_2010-2023_1-3.csv.parquet
DK-Sor,FLUXNET,L:\Sync\luhk_work\40 - DATA\Datasets\2024 - FLUXNET ICOS FORESTS\DBF\2-FLUXFILES_PARQUET\FLX_DK-Sor_FLUXNET2015_FULLSET_HH_1996-2020_beta-3.csv.parquet
FR-Fon,FLUXNET,L:\Sync\luhk_work\40 - DATA\Datasets\2024 - FLUXNET ICOS FORESTS\DBF\2-FLUXFILES_PARQUET\FLX_FR-Fon_FLUXNET2015_FULLSET_HH_2005-2020_beta-3.csv.parquet
FR-Hes,FLUXNET,L:\Sync\luhk_work\40 - DATA\Datasets\2024 - FLUXNET ICOS FORESTS\DBF\2-FLUXFILES_PARQUET\FLX_FR-Hes_FLUXNET2015_FULLSET_HH_2014-2020_beta-3.csv.parquet
IT-BFt,FLUXNET,L:\Sync\luhk_work\40 - DATA\Datasets\2024 - FLUXNET ICOS FORESTS\DBF\2-FLUXFILES_PARQUET\FLX_IT-BFt_FLUXNET2015_FULLSET_HH_2019-2023_1-3.csv.parquet
IT-BsB,FLUXNET,L:\Sync\luhk_work\40 - DATA\Datasets\2024 - FLUXNET ICOS FORESTS\DBF\2-FLUXFILES_PARQUET\FLX_IT-BsB_FLUXNET2015_FULLSET_HH_2021-2022_1-3.csv.parquet
IT-TrF,FLUXNET,L:\Sync\luhk_work\40 - DATA\Datasets\2024 - FLUXNET ICOS FORESTS\DNF\2-FLUXFILES_PARQUET\FLX_IT-TrF_FLUXNET2015_FULLSET_HH_2012-2022_1-3.csv.parquet
FR-Pue,FLUXNET,L:\Sync\luhk_work\40 - DATA\Datasets\2024 - FLUXNET ICOS FORESTS\EBF\2-FLUXFILES_PARQUET\FLX_FR-Pue_FLUXNET2015_FULLSET_HH_2000-2021_beta-3.csv.parquet
GF-Guy,FLUXNET,L:\Sync\luhk_work\40 - DATA\Datasets\2024 - FLUXNET ICOS FORESTS\EBF\2-FLUXFILES_PARQUET\FLX_GF-Guy_FLUXNET2015_FULLSET_HH_2004-2023_1-3.csv.parquet
BE-Bra,FLUXNET,L:\Sync\luhk_work\40 - DATA\Datasets\2024 - FLUXNET ICOS FORESTS\ENF\2-FLUXFILES_PARQUET\FLX_BE-Bra_FLUXNET2015_FULLSET_HH_1996-2020_beta-3.csv.parquet
CH-Dav,FLUXNET,L:\Sync\luhk_work\40 - DATA\Datasets\2024 - FLUXNET ICOS FORESTS\ENF\2-FLUXFILES_PARQUET\FLX_CH-Dav_FLUXNET2015_FULLSET_HH_1997-2020_beta-3.csv.parquet
CZ-BK1,FLUXNET,L:\Sync\luhk_work\40 - DATA\Datasets\2024 - FLUXNET ICOS FORESTS\ENF\2-FLUXFILES_PARQUET\FLX_CZ-BK1_FLUXNET2015_FULLSET_HH_2004-2022_1-3.csv.parquet
CZ-RAJ,FLUXNET,L:\Sync\luhk_work\40 - DATA\Datasets\2024 - FLUXNET ICOS FORESTS\ENF\2-FLUXFILES_PARQUET\FLX_CZ-RAJ_FLUXNET2015_FULLSET_HH_2012-2022_1-3.csv.parquet
DE-Msr,FLUXNET,L:\Sync\luhk_work\40 - DATA\Datasets\2024 - FLUXNET ICOS FORESTS\ENF\2-FLUXFILES_PARQUET\FLX_DE-Msr_FLUXNET2015_FULLSET_HH_2020-2023_1-3.csv.parquet
DE-Obe,FLUXNET,L:\Sync\luhk_work\40 - DATA\Datasets\2024 - FLUXNET ICOS FORESTS\ENF\2-FLUXFILES_PARQUET\FLX_DE-Obe_FLUXNET2015_FULLSET_HH_2008-2023_1-3.csv.parquet
DE-RuW,FLUXNET,L:\Sync\luhk_work\40 - DATA\Datasets\2024 - FLUXNET ICOS FORESTS\ENF\2-FLUXFILES_PARQUET\FLX_DE-RuW_FLUXNET2015_FULLSET_HH_2012-2023_1-3.csv.parquet
DE-Tha,FLUXNET,L:\Sync\luhk_work\40 - DATA\Datasets\2024 - FLUXNET ICOS FORESTS\ENF\2-FLUXFILES_PARQUET\FLX_DE-Tha_FLUXNET2015_FULLSET_HH_1996-2020_beta-3.csv.parquet
DK-Gds,FLUXNET,L:\Sync\luhk_work\40 - DATA\Datasets\2024 - FLUXNET ICOS FORESTS\ENF\2-FLUXFILES_PARQUET\FLX_DK-Gds_FLUXNET2015_FULLSET_HH_2020-2020_beta-3.csv.parquet
FI-Hyy,FLUXNET,L:\Sync\luhk_work\40 - DATA\Datasets\2024 - FLUXNET ICOS FORESTS\ENF\2-FLUXFILES_PARQUET\FLX_FI-Hyy_FLUXNET2015_FULLSET_HH_1996-2020_beta-3.csv.parquet
FI-Ken,FLUXNET,L:\Sync\luhk_work\40 - DATA\Datasets\2024 - FLUXNET ICOS FORESTS\ENF\2-FLUXFILES_PARQUET\FLX_FI-Ken_FLUXNET2015_FULLSET_HH_2018-2023_1-3.csv.parquet
FI-Let,FLUXNET,L:\Sync\luhk_work\40 - DATA\Datasets\2024 - FLUXNET ICOS FORESTS\ENF\2-FLUXFILES_PARQUET\FLX_FI-Let_FLUXNET2015_FULLSET_HH_2017-2023_1-3.csv.parquet
FI-Var,FLUXNET,L:\Sync\luhk_work\40 - DATA\Datasets\2024 - FLUXNET ICOS FORESTS\ENF\2-FLUXFILES_PARQUET\FLX_FI-Var_FLUXNET2015_FULLSET_HH_2017-2023_1-3.csv.parquet
FR-Bil,FLUXNET,L:\Sync\luhk_work\40 - DATA\Datasets\2024 - FLUXNET ICOS FORESTS\ENF\2-FLUXFILES_PARQUET\FLX_FR-Bil_FLUXNET2015_FULLSET_HH_2014-2020_beta-3.csv.parquet
FR-FBn,FLUXNET,L:\Sync\luhk_work\40 - DATA\Datasets\2024 - FLUXNET ICOS FORESTS\ENF\2-FLUXFILES_PARQUET\FLX_FR-FBn_FLUXNET2015_FULLSET_HH_2008-2020_beta-3.csv.parquet
IT-Ren,FLUXNET,L:\Sync\luhk_work\40 - DATA\Datasets\2024 - FLUXNET ICOS FORESTS\ENF\2-FLUXFILES_PARQUET\FLX_IT-Ren_FLUXNET2015_FULLSET_HH_1999-2020_beta-3.csv.parquet
IT-SR2,FLUXNET,L:\Sync\luhk_work\40 - DATA\Datasets\2024 - FLUXNET ICOS FORESTS\ENF\2-FLUXFILES_PARQUET\FLX_IT-SR2_FLUXNET2015_FULLSET_HH_2013-2020_beta-3.csv.parquet
NL-Loo,FLUXNET,L:\Sync\luhk_work\40 - DATA\Datasets\2024 - FLUXNET ICOS FORESTS\ENF\2-FLUXFILES_PARQUET\FLX_NL-Loo_FLUXNET2015_FULLSET_HH_1996-2018_beta-3.csv.parquet
RU-Fy2,FLUXNET,L:\Sync\luhk_work\40 - DATA\Datasets\2024 - FLUXNET ICOS FORESTS\ENF\2-FLUXFILES_PARQUET\FLX_RU-Fy2_FLUXNET2015_FULLSET_HH_2015-2023_1-3.csv.parquet
RU-Fy3,FLUXNET,L:\Sync\luhk_work\40 - DATA\Datasets\2024 - FLUXNET ICOS FORESTS\ENF\2-FLUXFILES_PARQUET\FLX_RU-Fy3_FLUXNET2015_FULLSET_HH_2016-2017_beta-3.csv.parquet
RU-Fyo,FLUXNET,L:\Sync\luhk_work\40 - DATA\Datasets\2024 - FLUXNET ICOS FORESTS\ENF\2-FLUXFILES_PARQUET\FLX_RU-Fyo_FLUXNET2015_FULLSET_HH_1998-2023_1-3.csv.parquet
SE-Htm,FLUXNET,L:\Sync\luhk_work\40 - DATA\Datasets\2024 - FLUXNET ICOS FORESTS\ENF\2-FLUXFILES_PARQUET\FLX_SE-Htm_FLUXNET2015_FULLSET_HH_2015-2020_beta-3.csv.parquet
SE-Nor,FLUXNET,L:\Sync\luhk_work\40 - DATA\Datasets\2024 - FLUXNET ICOS FORESTS\ENF\2-FLUXFILES_PARQUET\FLX_SE-Nor_FLUXNET2015_FULLSET_HH_2014-2020_beta-3.csv.parquet
SE-Svb,FLUXNET,L:\Sync\luhk_work\40 - DATA\Datasets\2024 - FLUXNET ICOS FORESTS\ENF\2-FLUXFILES_PARQUET\FLX_SE-Svb_FLUXNET2015_FULLSET_HH_2014-2020_beta-3.csv.parquet
BE-Vie,FLUXNET,L:\Sync\luhk_work\40 - DATA\Datasets\2024 - FLUXNET ICOS FORESTS\MF\2-FLUXFILES_PARQUET\FLX_BE-Vie_FLUXNET2015_FULLSET_HH_1996-2020_beta-3.csv.parquet
CD-Ygb,FLUXNET,L:\Sync\luhk_work\40 - DATA\Datasets\2024 - FLUXNET ICOS FORESTS\MF\2-FLUXFILES_PARQUET\FLX_CD-Ygb_FLUXNET2015_FULLSET_HH_2020-2023_1-3.csv.parquet
CH-Lae,FLUXNET,L:\Sync\luhk_work\40 - DATA\Datasets\2024 - FLUXNET ICOS FORESTS\MF\2-FLUXFILES_PARQUET\FLX_CH-Lae_FLUXNET2015_FULLSET_HH_2004-2023_1-3.csv.parquet
DE-Har,FLUXNET,L:\Sync\luhk_work\40 - DATA\Datasets\2024 - FLUXNET ICOS FORESTS\MF\2-FLUXFILES_PARQUET\FLX_DE-Har_FLUXNET2015_FULLSET_HH_2020-2023_1-3.csv.parquet
IT-Cp2,FLUXNET,L:\Sync\luhk_work\40 - DATA\Datasets\2024 - FLUXNET ICOS FORESTS\MF\2-FLUXFILES_PARQUET\FLX_IT-Cp2_FLUXNET2015_FULLSET_HH_2012-2020_beta-3.csv.parquet
