,SITE,IGBP,DATE_FIRST,DATE_LAST,N_YEARS,N_RECORDS,TA_AVG,TA_MIN,TA_MAX,VPD_AVG,VPD_MIN,VPD_MAX,PREC/YR,.source,.filepath,LOCATION_LAT,LOCATION_LONG,LOCATION_ELEV
0,BE-Bra,ENF,01 Jan 2020,31 Dec 2023,4,70128,11.824431867442392,-8.61,48.06,4.32904480378736,0.0,60.105,839.722,ICOS_L2,L:\Sync\luhk_work\40 - DATA\Datasets\2024 - ICOS - Ecosystem final quality (L2) product in ETC-Archive format - release 2024-1\2-FLUXNET_HH_PARQUET\ICOSETC_BE-Bra_FLUXNET_HH_L2.csv.parquet,51.30761,4.51984,16
1,BE-Dor,GRA,01 Jan 2022,31 Dec 2023,2,35040,10.732236501141552,-10.27,35.202,3.6238785102739723,0.024,46.204,877.4564999999999,ICOS_L2,L:\Sync\luhk_work\40 - DATA\Datasets\2024 - ICOS - Ecosystem final quality (L2) product in ETC-Archive format - release 2024-1\2-FLUXNET_HH_PARQUET\ICOSETC_BE-Dor_FLUXNET_HH_L2.csv.parquet,50.311876,4.968113,253
2,BE-Lon,CRO,01 Jan 2018,31 Dec 2023,6,105168,10.973713886353263,-35.21,39.82,3.853805986611897,0.006,59.374,705.7141666666666,ICOS_L2,L:\Sync\luhk_work\40 - DATA\Datasets\2024 - ICOS - Ecosystem final quality (L2) product in ETC-Archive format - release 2024-1\2-FLUXNET_HH_PARQUET\ICOSETC_BE-Lon_FLUXNET_HH_L2.csv.parquet,50.5516198,4.7462339,170
3,BE-Maa,CSH,01 Jan 2020,31 Dec 2023,4,70128,11.155406442505132,-12.61,39.89,4.066675108373261,0.0,64.145,840.09175,ICOS_L2,L:\Sync\luhk_work\40 - DATA\Datasets\2024 - ICOS - Ecosystem final quality (L2) product in ETC-Archive format - release 2024-1\2-FLUXNET_HH_PARQUET\ICOSETC_BE-Maa_FLUXNET_HH_L2.csv.parquet,50.979868,5.631851,87
4,BE-Vie,MF,01 Jan 2020,31 Dec 2023,4,70128,9.41289443588866,-12.13,33.67,3.6303188027606668,0.0,44.275,1106.6265,ICOS_L2,L:\Sync\luhk_work\40 - DATA\Datasets\2024 - ICOS - Ecosystem final quality (L2) product in ETC-Archive format - release 2024-1\2-FLUXNET_HH_PARQUET\ICOSETC_BE-Vie_FLUXNET_HH_L2.csv.parquet,50.304962,5.998099,490
5,CD-Ygb,MF,01 Jan 2020,31 Dec 2023,4,70128,24.776106804699978,18.62,34.838,4.8907702486881135,0.0,40.002,1846.2912500000002,ICOS_L2,L:\Sync\luhk_work\40 - DATA\Datasets\2024 - ICOS - Ecosystem final quality (L2) product in ETC-Archive format - release 2024-1\2-FLUXNET_HH_PARQUET\ICOSETC_CD-Ygb_FLUXNET_HH_L2.csv.parquet,0.814444,24.502472,466
6,CH-Dav,ENF,01 Jan 2019,31 Dec 2023,5,87648,5.0897824593829855,-15.74,27.6,3.356756343556042,0.085,30.626,1025.9998,ICOS_L2,L:\Sync\luhk_work\40 - DATA\Datasets\2024 - ICOS - Ecosystem final quality (L2) product in ETC-Archive format - release 2024-1\2-FLUXNET_HH_PARQUET\ICOSETC_CH-Dav_FLUXNET_HH_L2.csv.parquet,46.81533,9.85591,1689
7,CZ-BK1,ENF,01 Jan 2022,31 Dec 2023,2,35040,7.164301626712328,-13.104,30.395,2.9302925799086754,0.0,27.033,1103.5755,ICOS_L2,L:\Sync\luhk_work\40 - DATA\Datasets\2024 - ICOS - Ecosystem final quality (L2) product in ETC-Archive format - release 2024-1\2-FLUXNET_HH_PARQUET\ICOSETC_CZ-BK1_FLUXNET_HH_L2.csv.parquet,49.50207615,18.53688247,875
8,CZ-Lnz,DBF,01 Jan 2022,31 Dec 2023,2,35040,11.49800154109589,-8.32,34.058,5.385903824200913,0.137,39.281,471.7645,ICOS_L2,L:\Sync\luhk_work\40 - DATA\Datasets\2024 - ICOS - Ecosystem final quality (L2) product in ETC-Archive format - release 2024-1\2-FLUXNET_HH_PARQUET\ICOSETC_CZ-Lnz_FLUXNET_HH_L2.csv.parquet,48.6815483,16.9463317,150
9,CZ-wet,WET,01 Jan 2020,31 Dec 2023,4,70128,9.154926163586584,-19.238,33.785,3.6574383555783707,0.0,34.927,619.5400000000001,ICOS_L2,L:\Sync\luhk_work\40 - DATA\Datasets\2024 - ICOS - Ecosystem final quality (L2) product in ETC-Archive format - release 2024-1\2-FLUXNET_HH_PARQUET\ICOSETC_CZ-wet_FLUXNET_HH_L2.csv.parquet,49.02465,14.77035,426
10,DE-Geb,CRO,01 Jan 2020,31 Dec 2023,4,70128,10.578363549509469,-26.78,39.84,3.6897433264887067,0.0,62.965,478.18199999999996,ICOS_L2,L:\Sync\luhk_work\40 - DATA\Datasets\2024 - ICOS - Ecosystem final quality (L2) product in ETC-Archive format - release 2024-1\2-FLUXNET_HH_PARQUET\ICOSETC_DE-Geb_FLUXNET_HH_L2.csv.parquet,51.09973,10.91463,161.5
11,DE-Gri,GRA,01 Jan 2017,31 Dec 2023,7,122688,9.164631740675535,-22.19,36.243,3.9810401180229524,0.0,49.275,850.492,ICOS_L2,L:\Sync\luhk_work\40 - DATA\Datasets\2024 - ICOS - Ecosystem final quality (L2) product in ETC-Archive format - release 2024-1\2-FLUXNET_HH_PARQUET\ICOSETC_DE-Gri_FLUXNET_HH_L2.csv.parquet,50.95004,13.51259,385
12,DE-Hai,DBF,01 Jan 2019,31 Dec 2023,5,87648,9.502108194140197,-14.797,34.763,4.378167647864184,0.0,46.34,821.8098,ICOS_L2,L:\Sync\luhk_work\40 - DATA\Datasets\2024 - ICOS - Ecosystem final quality (L2) product in ETC-Archive format - release 2024-1\2-FLUXNET_HH_PARQUET\ICOSETC_DE-Hai_FLUXNET_HH_L2.csv.parquet,51.0794084,10.4520894,438.7
13,DE-Har,MF,01 Jan 2020,31 Dec 2023,4,70128,12.59961143908282,-12.22,37.28,5.344533709787817,0.0,50.472,576.4502500000001,ICOS_L2,L:\Sync\luhk_work\40 - DATA\Datasets\2024 - ICOS - Ecosystem final quality (L2) product in ETC-Archive format - release 2024-1\2-FLUXNET_HH_PARQUET\ICOSETC_DE-Har_FLUXNET_HH_L2.csv.parquet,47.933,7.5981,201
14,DE-HoH,DBF,01 Jan 2019,31 Dec 2023,5,87648,10.42669069459657,-12.87,35.38,4.420178600766703,0.0,46.71,527.9922,ICOS_L2,L:\Sync\luhk_work\40 - DATA\Datasets\2024 - ICOS - Ecosystem final quality (L2) product in ETC-Archive format - release 2024-1\2-FLUXNET_HH_PARQUET\ICOSETC_DE-HoH_FLUXNET_HH_L2.csv.parquet,52.08656,11.22235,193
15,DE-Hzd,DBF,01 Jan 2022,31 Dec 2023,2,35040,10.926486386986303,-9.03,35.8,4.55788164954338,0.0,47.158,3125.559,ICOS_L2,L:\Sync\luhk_work\40 - DATA\Datasets\2024 - ICOS - Ecosystem final quality (L2) product in ETC-Archive format - release 2024-1\2-FLUXNET_HH_PARQUET\ICOSETC_DE-Hzd_FLUXNET_HH_L2.csv.parquet,50.96381,13.48978,395
16,DE-Kli,CRO,01 Jan 2018,31 Dec 2023,6,105168,8.859807641107562,-19.64,34.25,3.9062493248897003,0.0,46.102,695.6541666666668,ICOS_L2,L:\Sync\luhk_work\40 - DATA\Datasets\2024 - ICOS - Ecosystem final quality (L2) product in ETC-Archive format - release 2024-1\2-FLUXNET_HH_PARQUET\ICOSETC_DE-Kli_FLUXNET_HH_L2.csv.parquet,50.89306,13.52238,478
17,DE-Msr,ENF,01 Jan 2020,31 Dec 2023,4,70128,8.508494795231579,-19.784,36.003,3.2608374543691534,0.0,43.433,1145.322,ICOS_L2,L:\Sync\luhk_work\40 - DATA\Datasets\2024 - ICOS - Ecosystem final quality (L2) product in ETC-Archive format - release 2024-1\2-FLUXNET_HH_PARQUET\ICOSETC_DE-Msr_FLUXNET_HH_L2.csv.parquet,47.809181,11.456168,602.07
18,DE-RuR,GRA,01 Jan 2011,31 Dec 2023,13,227904,8.565164885214829,-17.039,34.95,2.89938476727043,0.0,44.346,884.2253846153851,ICOS_L2,L:\Sync\luhk_work\40 - DATA\Datasets\2024 - ICOS - Ecosystem final quality (L2) product in ETC-Archive format - release 2024-1\2-FLUXNET_HH_PARQUET\ICOSETC_DE-RuR_FLUXNET_HH_L2.csv.parquet,50.6219142,6.3041256,514.7
19,DE-RuS,CRO,01 Jan 2019,31 Dec 2023,5,87648,12.648322813983205,-12.14,40.73,4.715921515607886,0.0,53.341,662.0144,ICOS_L2,L:\Sync\luhk_work\40 - DATA\Datasets\2024 - ICOS - Ecosystem final quality (L2) product in ETC-Archive format - release 2024-1\2-FLUXNET_HH_PARQUET\ICOSETC_DE-RuS_FLUXNET_HH_L2.csv.parquet,50.8659070173,6.4471447044,103.2
20,DE-RuW,ENF,01 Jan 2012,31 Dec 2023,12,210384,8.70244382177352,-16.043,36.403,3.079916733211651,0.0,50.137,1112.6587499999998,ICOS_L2,L:\Sync\luhk_work\40 - DATA\Datasets\2024 - ICOS - Ecosystem final quality (L2) product in ETC-Archive format - release 2024-1\2-FLUXNET_HH_PARQUET\ICOSETC_DE-RuW_FLUXNET_HH_L2.csv.parquet,50.5049268531233,6.33096247542595,610
21,DE-Tha,ENF,01 Jan 2020,31 Dec 2023,4,70128,10.277012776637008,-14.87,35.71,4.709679885352498,0.0,45.362,751.723,ICOS_L2,L:\Sync\luhk_work\40 - DATA\Datasets\2024 - ICOS - Ecosystem final quality (L2) product in ETC-Archive format - release 2024-1\2-FLUXNET_HH_PARQUET\ICOSETC_DE-Tha_FLUXNET_HH_L2.csv.parquet,50.96256,13.56515,380
22,DK-Sor,DBF,01 Jan 2021,31 Dec 2023,3,52560,9.536140239726029,-12.583,31.76,3.0271657153729077,0.0,35.433,697.7693333333333,ICOS_L2,L:\Sync\luhk_work\40 - DATA\Datasets\2024 - ICOS - Ecosystem final quality (L2) product in ETC-Archive format - release 2024-1\2-FLUXNET_HH_PARQUET\ICOSETC_DK-Sor_FLUXNET_HH_L2.csv.parquet,55.4858694,11.6446444,40
23,DK-Vng,CRO,01 Jan 2020,31 Dec 2023,4,70128,9.23125416381474,-16.42,35.06,2.749258427446954,0.0,39.184,980.9490000000001,ICOS_L2,L:\Sync\luhk_work\40 - DATA\Datasets\2024 - ICOS - Ecosystem final quality (L2) product in ETC-Archive format - release 2024-1\2-FLUXNET_HH_PARQUET\ICOSETC_DK-Vng_FLUXNET_HH_L2.csv.parquet,56.03747650,9.16070962,67.7
24,ES-LMa,SAV,01 Jan 2020,31 Dec 2023,4,70128,17.516490759753594,-6.797,45.463,11.317244467259867,0.0,85.112,638.1672500000001,ICOS_L2,L:\Sync\luhk_work\40 - DATA\Datasets\2024 - ICOS - Ecosystem final quality (L2) product in ETC-Archive format - release 2024-1\2-FLUXNET_HH_PARQUET\ICOSETC_ES-LMa_FLUXNET_HH_L2.csv.parquet,39.94033,-5.77465,265
25,FI-Hyy,ENF,01 Jan 2018,31 Dec 2023,6,105168,5.193275264338963,-25.4,31.14,3.0218347976570823,0.0,32.357,767.6410000000001,ICOS_L2,L:\Sync\luhk_work\40 - DATA\Datasets\2024 - ICOS - Ecosystem final quality (L2) product in ETC-Archive format - release 2024-1\2-FLUXNET_HH_PARQUET\ICOSETC_FI-Hyy_FLUXNET_HH_L2.csv.parquet,61.84741,24.29477,181
26,FI-Ken,ENF,01 Jan 2020,31 Dec 2023,4,70128,1.2193202144649782,-26.6,27.7,1.9183512434405658,0.0,27.101,686.66175,ICOS_L2,L:\Sync\luhk_work\40 - DATA\Datasets\2024 - ICOS - Ecosystem final quality (L2) product in ETC-Archive format - release 2024-1\2-FLUXNET_HH_PARQUET\ICOSETC_FI-Ken_FLUXNET_HH_L2.csv.parquet,67.98721472,24.24301028,347
27,FI-Let,ENF,01 Jan 2017,31 Dec 2023,7,122688,5.866351737741262,-26.08,30.87,2.7638948144887845,0.0,31.534,669.505,ICOS_L2,L:\Sync\luhk_work\40 - DATA\Datasets\2024 - ICOS - Ecosystem final quality (L2) product in ETC-Archive format - release 2024-1\2-FLUXNET_HH_PARQUET\ICOSETC_FI-Let_FLUXNET_HH_L2.csv.parquet,60.64183,23.95952,125
28,FI-Sii,WET,01 Jan 2018,31 Dec 2023,6,105168,4.761260269283432,-30.94,31.71,2.5149825612353567,0.0,32.469,1032.3235,ICOS_L2,L:\Sync\luhk_work\40 - DATA\Datasets\2024 - ICOS - Ecosystem final quality (L2) product in ETC-Archive format - release 2024-1\2-FLUXNET_HH_PARQUET\ICOSETC_FI-Sii_FLUXNET_HH_L2.csv.parquet,61.83265,24.19285,160
29,FI-Sod,ENF,01 Jan 2023,31 Dec 2023,1,17520,0.9679542808219179,-28.48,27.6,2.2974918949771688,0.0,25.136,562.254,ICOS_L2,L:\Sync\luhk_work\40 - DATA\Datasets\2024 - ICOS - Ecosystem final quality (L2) product in ETC-Archive format - release 2024-1\2-FLUXNET_HH_PARQUET\ICOSETC_FI-Sod_FLUXNET_HH_L2.csv.parquet,67.36238641,26.63859066,180
30,FI-Var,ENF,01 Jan 2017,31 Dec 2023,7,122688,0.061407733437663,-29.208,30.562,1.8456345689880018,0.0,33.241,557.4818571428572,ICOS_L2,L:\Sync\luhk_work\40 - DATA\Datasets\2024 - ICOS - Ecosystem final quality (L2) product in ETC-Archive format - release 2024-1\2-FLUXNET_HH_PARQUET\ICOSETC_FI-Var_FLUXNET_HH_L2.csv.parquet,67.7549,29.6100,395
31,FR-Aur,CRO,01 Jan 2019,31 Dec 2023,5,87648,14.011677014877693,-5.493,41.63,4.6707531375502,0.0,53.348,713.9046000000001,ICOS_L2,L:\Sync\luhk_work\40 - DATA\Datasets\2024 - ICOS - Ecosystem final quality (L2) product in ETC-Archive format - release 2024-1\2-FLUXNET_HH_PARQUET\ICOSETC_FR-Aur_FLUXNET_HH_L2.csv.parquet,43.549649,1.106103,250
32,FR-Bil,ENF,01 Jan 2019,31 Dec 2023,5,87648,14.156774586984302,-4.88,41.84,5.013780508397225,0.025,67.381,1081.991,ICOS_L2,L:\Sync\luhk_work\40 - DATA\Datasets\2024 - ICOS - Ecosystem final quality (L2) product in ETC-Archive format - release 2024-1\2-FLUXNET_HH_PARQUET\ICOSETC_FR-Bil_FLUXNET_HH_L2.csv.parquet,44.493653,-0.956092,39.18
33,FR-CLt,GRA,01 Jan 2022,31 Dec 2023,2,35040,5.3820840753424655,-16.121,26.563,3.6442724885844746,0.0,26.8,1639.7970000000003,ICOS_L2,L:\Sync\luhk_work\40 - DATA\Datasets\2024 - ICOS - Ecosystem final quality (L2) product in ETC-Archive format - release 2024-1\2-FLUXNET_HH_PARQUET\ICOSETC_FR-CLt_FLUXNET_HH_L2.csv.parquet,45.0414,6.41053,2050.6
34,FR-EM2,CRO,01 Jan 2017,31 Dec 2023,7,122688,11.17487848037298,-9.332,41.25,3.4226217723004693,0.0,64.754,669.8794285714284,ICOS_L2,L:\Sync\luhk_work\40 - DATA\Datasets\2024 - ICOS - Ecosystem final quality (L2) product in ETC-Archive format - release 2024-1\2-FLUXNET_HH_PARQUET\ICOSETC_FR-EM2_FLUXNET_HH_L2.csv.parquet,49.8721083,3.02065,85
35,FR-FBn,ENF,01 Jan 2022,31 Dec 2023,2,35040,15.375482248858445,-2.75,34.42,7.7100704623287655,0.0,45.978,443.68499999999995,ICOS_L2,L:\Sync\luhk_work\40 - DATA\Datasets\2024 - ICOS - Ecosystem final quality (L2) product in ETC-Archive format - release 2024-1\2-FLUXNET_HH_PARQUET\ICOSETC_FR-FBn_FLUXNET_HH_L2.csv.parquet,43.24079,5.67865,436
36,FR-Fon,DBF,01 Jan 2019,31 Dec 2023,5,87648,12.419940751642931,-7.19,39.086,4.868477455275648,0.008,56.407,557.5518,ICOS_L2,L:\Sync\luhk_work\40 - DATA\Datasets\2024 - ICOS - Ecosystem final quality (L2) product in ETC-Archive format - release 2024-1\2-FLUXNET_HH_PARQUET\ICOSETC_FR-Fon_FLUXNET_HH_L2.csv.parquet,48.476358,2.780096,103
37,FR-Gri,CRO,01 Jan 2021,31 Dec 2023,3,52560,12.657559798325725,-6.04,39.81,4.546808828006089,0.0,59.218,447.69800000000004,ICOS_L2,L:\Sync\luhk_work\40 - DATA\Datasets\2024 - ICOS - Ecosystem final quality (L2) product in ETC-Archive format - release 2024-1\2-FLUXNET_HH_PARQUET\ICOSETC_FR-Gri_FLUXNET_HH_L2.csv.parquet,48.84422,1.95191,125
38,FR-Hes,DBF,01 Jan 2022,31 Dec 2023,2,35040,11.903617380136987,-13.4,35.31,5.4286706621004575,0.079,45.812,879.5045,ICOS_L2,L:\Sync\luhk_work\40 - DATA\Datasets\2024 - ICOS - Ecosystem final quality (L2) product in ETC-Archive format - release 2024-1\2-FLUXNET_HH_PARQUET\ICOSETC_FR-Hes_FLUXNET_HH_L2.csv.parquet,48.6741,7.06465,310
39,FR-Lam,CRO,01 Jan 2020,31 Dec 2023,4,70128,10.228567619210587,-10.4,32.72,4.50265922313484,0.0,41.859,656.09875,ICOS_L2,L:\Sync\luhk_work\40 - DATA\Datasets\2024 - ICOS - Ecosystem final quality (L2) product in ETC-Archive format - release 2024-1\2-FLUXNET_HH_PARQUET\ICOSETC_FR-Lam_FLUXNET_HH_L2.csv.parquet,43.496438,1.237878,181
40,FR-Lqu,GRA,01 Jan 2022,31 Dec 2023,2,35040,9.715567950913243,-9.72,31.83,4.4075916095890415,0.103,32.771,1310.983,ICOS_L2,L:\Sync\luhk_work\40 - DATA\Datasets\2024 - ICOS - Ecosystem final quality (L2) product in ETC-Archive format - release 2024-1\2-FLUXNET_HH_PARQUET\ICOSETC_FR-Lqu_FLUXNET_HH_L2.csv.parquet,45.6444,2.7349,1040
41,FR-Lus,GRA,01 Jan 2022,31 Dec 2023,2,35040,13.512145319634705,-4.477,39.301,5.210031849315069,0.0,62.049,900.0310000000001,ICOS_L2,L:\Sync\luhk_work\40 - DATA\Datasets\2024 - ICOS - Ecosystem final quality (L2) product in ETC-Archive format - release 2024-1\2-FLUXNET_HH_PARQUET\ICOSETC_FR-Lus_FLUXNET_HH_L2.csv.parquet,46.4142461,0.1206518,154
42,FR-Mej,GRA,01 Jan 2019,31 Dec 2023,5,87648,12.477717358068636,-5.604,39.415,4.014225036509675,0.0,60.289,727.1704,ICOS_L2,L:\Sync\luhk_work\40 - DATA\Datasets\2024 - ICOS - Ecosystem final quality (L2) product in ETC-Archive format - release 2024-1\2-FLUXNET_HH_PARQUET\ICOSETC_FR-Mej_FLUXNET_HH_L2.csv.parquet,48.1184,-1.79635,40
43,FR-Pue,EBF,01 Jan 2021,31 Dec 2023,3,52560,15.194221004566211,-4.21,39.98,7.627384227549468,0.0,59.177,620.5846666666667,ICOS_L2,L:\Sync\luhk_work\40 - DATA\Datasets\2024 - ICOS - Ecosystem final quality (L2) product in ETC-Archive format - release 2024-1\2-FLUXNET_HH_PARQUET\ICOSETC_FR-Pue_FLUXNET_HH_L2.csv.parquet,43.7413,3.5957,271
44,FR-Tou,GRA,01 Jan 2018,31 Dec 2023,6,105168,14.844890375399363,-6.039,40.82,6.588731239540544,0.0,61.519,639.9878333333332,ICOS_L2,L:\Sync\luhk_work\40 - DATA\Datasets\2024 - ICOS - Ecosystem final quality (L2) product in ETC-Archive format - release 2024-1\2-FLUXNET_HH_PARQUET\ICOSETC_FR-Tou_FLUXNET_HH_L2.csv.parquet,43.572855,1.37474,158
45,GF-Guy,EBF,01 Jan 2017,31 Dec 2023,7,122688,25.99158683815858,20.44,33.49,4.5722413846504955,0.0,26.066,3379.2285714285717,ICOS_L2,L:\Sync\luhk_work\40 - DATA\Datasets\2024 - ICOS - Ecosystem final quality (L2) product in ETC-Archive format - release 2024-1\2-FLUXNET_HH_PARQUET\ICOSETC_GF-Guy_FLUXNET_HH_L2.csv.parquet,5.2787,-52.9248,40
46,GL-Dsk,OSH,01 Jan 2020,31 Dec 2023,4,70128,-2.042898528405202,-25.948,17.7,1.612518223819302,0.0,10.844,3696.4460000000004,ICOS_L2,L:\Sync\luhk_work\40 - DATA\Datasets\2024 - ICOS - Ecosystem final quality (L2) product in ETC-Archive format - release 2024-1\2-FLUXNET_HH_PARQUET\ICOSETC_GL-Dsk_FLUXNET_HH_L2.csv.parquet,69.25349,-53.51413,8
47,GL-NuF,WET,01 Jan 2019,31 Dec 2023,5,87648,0.8463763120664475,-25.026,23.725,2.132062180540343,0.0,16.481,721.872,ICOS_L2,L:\Sync\luhk_work\40 - DATA\Datasets\2024 - ICOS - Ecosystem final quality (L2) product in ETC-Archive format - release 2024-1\2-FLUXNET_HH_PARQUET\ICOSETC_GL-NuF_FLUXNET_HH_L2.csv.parquet,64.130933,-51.386068,43
48,GL-ZaF,WET,01 Jan 2023,31 Dec 2023,1,17520,-4.280601312785388,-24.551,16.47,1.6163218607305936,0.045,10.66,1255.9050000000002,ICOS_L2,L:\Sync\luhk_work\40 - DATA\Datasets\2024 - ICOS - Ecosystem final quality (L2) product in ETC-Archive format - release 2024-1\2-FLUXNET_HH_PARQUET\ICOSETC_GL-ZaF_FLUXNET_HH_L2.csv.parquet,74.481522,-20.555773,38
49,GL-ZaH,GRA,01 Jan 2020,31 Dec 2023,4,70128,-8.317971181268536,-45.668,24.019,1.398670759183208,0.0,22.322,768.67375,ICOS_L2,L:\Sync\luhk_work\40 - DATA\Datasets\2024 - ICOS - Ecosystem final quality (L2) product in ETC-Archive format - release 2024-1\2-FLUXNET_HH_PARQUET\ICOSETC_GL-ZaH_FLUXNET_HH_L2.csv.parquet,74.473299,-20.550869,-9999
50,IT-BCi,CRO,01 Jan 2023,31 Dec 2023,1,17520,17.51075833333333,1.775,35.54,6.089138755707763,0.176,35.269,1152.308,ICOS_L2,L:\Sync\luhk_work\40 - DATA\Datasets\2024 - ICOS - Ecosystem final quality (L2) product in ETC-Archive format - release 2024-1\2-FLUXNET_HH_PARQUET\ICOSETC_IT-BCi_FLUXNET_HH_L2.csv.parquet,40.52375,14.95744444,10
51,IT-Cp2,MF,01 Jan 2021,31 Dec 2023,3,52560,16.779012595129377,-1.55,37.95,4.813462328767123,0.0,52.69,901.223,ICOS_L2,L:\Sync\luhk_work\40 - DATA\Datasets\2024 - ICOS - Ecosystem final quality (L2) product in ETC-Archive format - release 2024-1\2-FLUXNET_HH_PARQUET\ICOSETC_IT-Cp2_FLUXNET_HH_L2.csv.parquet,41.7042655944824,12.3572931289673,19
52,IT-Lsn,OSH,01 Jan 2016,31 Dec 2023,8,140256,14.229852241615335,-8.5,36.8,5.319138667864477,0.0,45.67,1025.978375,ICOS_L2,L:\Sync\luhk_work\40 - DATA\Datasets\2024 - ICOS - Ecosystem final quality (L2) product in ETC-Archive format - release 2024-1\2-FLUXNET_HH_PARQUET\ICOSETC_IT-Lsn_FLUXNET_HH_L2.csv.parquet,45.740481,12.750297,1
53,IT-MBo,GRA,01 Jan 2022,31 Dec 2023,2,35040,6.284018692922374,-15.21,25.11,2.1781047374429225,0.0,19.261,1435.4485,ICOS_L2,L:\Sync\luhk_work\40 - DATA\Datasets\2024 - ICOS - Ecosystem final quality (L2) product in ETC-Archive format - release 2024-1\2-FLUXNET_HH_PARQUET\ICOSETC_IT-MBo_FLUXNET_HH_L2.csv.parquet,46.014678,11.045831,1550
54,IT-Niv,GRA,01 Jan 2019,31 Dec 2023,5,87648,0.8769017091091641,-18.772,19.823,2.769450814622125,0.027,17.709,678.9702,ICOS_L2,L:\Sync\luhk_work\40 - DATA\Datasets\2024 - ICOS - Ecosystem final quality (L2) product in ETC-Archive format - release 2024-1\2-FLUXNET_HH_PARQUET\ICOSETC_IT-Niv_FLUXNET_HH_L2.csv.parquet,45.49091,7.13943,2750
55,IT-Noe,CSH,01 Jan 2022,31 Dec 2023,2,35040,17.591078481735156,-4.396,38.74,6.178992865296804,0.0,52.707,506.04249999999996,ICOS_L2,L:\Sync\luhk_work\40 - DATA\Datasets\2024 - ICOS - Ecosystem final quality (L2) product in ETC-Archive format - release 2024-1\2-FLUXNET_HH_PARQUET\ICOSETC_IT-Noe_FLUXNET_HH_L2.csv.parquet,40.606176,8.151694,25
56,IT-Ren,ENF,01 Jan 2021,31 Dec 2023,3,52560,4.24879351217656,-19.993,25.22,3.289125019025875,0.058,23.234,715.9506666666666,ICOS_L2,L:\Sync\luhk_work\40 - DATA\Datasets\2024 - ICOS - Ecosystem final quality (L2) product in ETC-Archive format - release 2024-1\2-FLUXNET_HH_PARQUET\ICOSETC_IT-Ren_FLUXNET_HH_L2.csv.parquet,46.58686,11.43369,1735.6
57,IT-SR2,ENF,01 Jan 2019,31 Dec 2023,5,87648,15.847915491511502,-5.59,34.05,4.93328923649142,0.0,39.093,714.5368000000001,ICOS_L2,L:\Sync\luhk_work\40 - DATA\Datasets\2024 - ICOS - Ecosystem final quality (L2) product in ETC-Archive format - release 2024-1\2-FLUXNET_HH_PARQUET\ICOSETC_IT-SR2_FLUXNET_HH_L2.csv.parquet,43.732022,10.290910,4
58,IT-Tor,GRA,01 Jan 2016,31 Dec 2023,8,140256,3.831444800935432,-23.57,25.83,3.1761069401665525,0.048,27.179,869.2531250000001,ICOS_L2,L:\Sync\luhk_work\40 - DATA\Datasets\2024 - ICOS - Ecosystem final quality (L2) product in ETC-Archive format - release 2024-1\2-FLUXNET_HH_PARQUET\ICOSETC_IT-Tor_FLUXNET_HH_L2.csv.parquet,45.84444,7.578055,2168
59,NL-Loo,ENF,01 Jan 2023,31 Dec 2023,1,17520,11.394592579908675,-5.06,32.5,3.780528767123288,0.063,35.501,1193.6360000000002,ICOS_L2,L:\Sync\luhk_work\40 - DATA\Datasets\2024 - ICOS - Ecosystem final quality (L2) product in ETC-Archive format - release 2024-1\2-FLUXNET_HH_PARQUET\ICOSETC_NL-Loo_FLUXNET_HH_L2.csv.parquet,52.16644722,5.74355,33
60,SE-Deg,WET,01 Jan 2019,31 Dec 2023,5,87648,2.8888217643300473,-27.74,30.889,2.265512436108068,0.0,32.416,606.6732,ICOS_L2,L:\Sync\luhk_work\40 - DATA\Datasets\2024 - ICOS - Ecosystem final quality (L2) product in ETC-Archive format - release 2024-1\2-FLUXNET_HH_PARQUET\ICOSETC_SE-Deg_FLUXNET_HH_L2.csv.parquet,64.182029,19.556539,270
61,SE-Htm,ENF,01 Jan 2018,31 Dec 2023,6,105168,8.628514196333485,-40.1,32.69,2.410341643846037,0.0,36.264,840.5158333333334,ICOS_L2,L:\Sync\luhk_work\40 - DATA\Datasets\2024 - ICOS - Ecosystem final quality (L2) product in ETC-Archive format - release 2024-1\2-FLUXNET_HH_PARQUET\ICOSETC_SE-Htm_FLUXNET_HH_L2.csv.parquet,56.09763,13.41897,115
62,SE-Nor,ENF,01 Jan 2018,31 Dec 2023,6,105168,6.999305729879811,-22.11,33.0,3.201486374182261,0.0,36.37,549.7255000000001,ICOS_L2,L:\Sync\luhk_work\40 - DATA\Datasets\2024 - ICOS - Ecosystem final quality (L2) product in ETC-Archive format - release 2024-1\2-FLUXNET_HH_PARQUET\ICOSETC_SE-Nor_FLUXNET_HH_L2.csv.parquet,60.08649722,17.47950278,45
63,SE-Sto,WET,01 Jan 2022,31 Dec 2023,2,35040,0.7071724885844751,-49.96,26.98,1.5814311929223746,0.0,22.941,416.70199999999994,ICOS_L2,L:\Sync\luhk_work\40 - DATA\Datasets\2024 - ICOS - Ecosystem final quality (L2) product in ETC-Archive format - release 2024-1\2-FLUXNET_HH_PARQUET\ICOSETC_SE-Sto_FLUXNET_HH_L2.csv.parquet,68.35594288,19.04520892,351.893
64,SE-Svb,ENF,01 Jan 2019,31 Dec 2023,5,87648,3.546995983935743,-23.396,30.97,2.7731799926980654,0.006,33.035,581.2343999999999,ICOS_L2,L:\Sync\luhk_work\40 - DATA\Datasets\2024 - ICOS - Ecosystem final quality (L2) product in ETC-Archive format - release 2024-1\2-FLUXNET_HH_PARQUET\ICOSETC_SE-Svb_FLUXNET_HH_L2.csv.parquet,64.25611,19.7745,267
65,UK-AMo,WET,01 Jan 2021,31 Dec 2023,3,52560,8.503750665905631,-9.93,30.26,1.454399809741248,0.0,25.787,1147.3883333333333,ICOS_L2,L:\Sync\luhk_work\40 - DATA\Datasets\2024 - ICOS - Ecosystem final quality (L2) product in ETC-Archive format - release 2024-1\2-FLUXNET_HH_PARQUET\ICOSETC_UK-AMo_FLUXNET_HH_L2.csv.parquet,55.792546,-3.2436918,270
