SITE_ID,MAT,MAP,LOCATION_ELEV
AR-Bal,14,926,130
AR-CCa,16.1,1060,83
AR-CCg,16.1,1060,84
AR-Cel,14,926,1
AR-Rom,14,926,1
AR-TF1,,,40
AR-TF2,5.5,530,60
BR-BNT,27.4,2300,116
BR-Cax,26,2500,48.4
BR-CMT,26.8,1566,427
BR-CST,25.2,642,468
BR-Cui,26.4,457.2,21
BR-CUP,25,1900,15
BR-IAB,21.6,1486,763
BR-ITA,19.6,1447,820
BR-Ji1,,,260
BR-Ji3,21,,160
BR-Ma2,26.68,2252,130
BR-Ma3,29,2792,147
BR-Moj,25.5,2500,26
BR-Npw,24.9,1486,120
BR-PRS,21,1500,
BR-Sa1,26.13,2074.79,88
BR-Sa3,26.12,2043.77,100
BR-SGC,27,3000,100
BR-SM1,17.6,1700,40.5
BR-SM2,17.9,1600,395
BR-SM3,19.4,1778,88
BR-SP1,25,850,90
BR-Xpw,24.9,1490,124
CA-AF1,5.6,1078,78
CA-ARB,-1.3,700,90
CA-ARF,-1.3,700,88
CA-BCW,7.8,1009.8,201
CA-BOU,1.5,1011,108
CA-BSM,1.9,1090,271
CA-Ca1,9.93,1369,300
CA-Ca2,9.86,1474,300
CA-Ca3,9.94,1676,
CA-Cbo,6.66,876.34,210
CA-CF1,-6.5,452,16.5
CA-CF2,-6.5,452,16.5
CA-CF3,,,25
CA-Cha,3.46,971.68,341
CA-CQ1,5.9,872.8,6
CA-CQ2,5.6,795,125
CA-CQ3,5.34,1085.9,153.4
CA-CQ4,7.21,1071.7,47
CA-CRB,2.1,489.4,382
CA-DB2,,,4
CA-DBB,10,1128,4
CA-DL1,-9,250,425
CA-DL2,-9,250,416
CA-DSM,10.6,1077.8,
CA-EM1,1.3,504.8,607.9
CA-EM2,1.5,473.4,554.3
CA-EM3,3,521.1,255
CA-ER1,6.7,946,370
CA-ER2,6.7,946,370
CA-GL3,8.4,965,172
CA-GL4,7.3,951,77
CA-Gro,1.3,831,340
CA-HPC,-8.2,240.6,80
CA-IQT,-8.6,592,197
CA-KLP,-1.1,680,71
CA-KT1,2.1,489.4,476
CA-KT2,2.1,489.4,478
CA-Let,5.36,398.4,960
CA-LP1,2,570,751
CA-LU1,-1.2,379,311
CA-LU2,-1.2,379,324
CA-LuM,6.6,905,485
CA-MA1,2.6,514,261
CA-MA2,2.6,514,261
CA-MA3,2.6,514,261
CA-Man,-3.2,520,259
CA-Mer,6,943,70
CA-MR3,,325,712
CA-MR5,,325,700
CA-Mtk,-14.5,173,15
CA-Na1,7.09,1102.7,341
CA-NS1,-2.89,500.29,260
CA-NS2,-2.88,499.82,260
CA-NS3,-2.87,502.22,260
CA-NS4,-2.87,502.22,260
CA-NS5,-2.86,500.34,260
CA-NS6,-3.08,495.37,244
CA-NS7,-3.52,483.27,297
CA-NS8,-2.71,506.69,274
CA-Oas,0.34,428.53,530
CA-Obs,0.79,405.6,628.94
CA-Ojp,0.12,430.5,579
CA-PB1,-2.7,490,29
CA-PB2,-2.7,490,26
CA-Qc2,,,
CA-Qcu,0.13,949.78,392.3
CA-Qfo,-0.36,962.32,382
CA-RBM,10.4,1152,
CA-RPn,5,1340.4,150
CA-RPp,5,1340.4,162
CA-RSB,-15,199,119
CA-SCB,-2.8,388,280
CA-SCC,-2.8,387.6,285
CA-SF1,0.4,470,536
CA-SF2,0.4,470,520
CA-SF3,0.4,470,540
CA-SJ1,0.13,430.23,580
CA-SJ2,0.11,430.03,580
CA-SJ3,0.13,433.33,
CA-SMC,-2.8,388,150
CA-ST1,4,527.8,448
CA-ST2,4,527.8,447
CA-TP1,8,1036,265
CA-TP2,8,1036,212
CA-TP3,8,1036,184
CA-TP4,8,1036,184
CA-TPA,8.4,956,200
CA-TPD,8,1036,260
CA-TVC,-8.2,240.6,85
CA-WP1,1.1,461.07,540
CA-WP2,,,
CA-WP3,,,
CA-WRF,2.1,969.7,485
CL-ACF,7.3,4500,822
CL-FJS,14,136,541
CL-OPP,5,822,27
CL-SDF,10,2110,50
CL-SDP,10,2110,50
CO-GV1,11,1500,3001
CO-GV2,11,1500,3002
CR-Dos,25.8,4200,40
CR-Fsc,,,18
CR-Lse,25.9,3965.57,100
CR-Nmr,,,166
CR-SoC,23.1,4200,538
MX-Aog,24.2,732,367.284
MX-Asf,24.2,732,384
MX-BRN,17.1,476,2050
MX-CHB,24.6,286.2,398
MX-CHN,24.8,322.1,450
MX-CLS,23,260,0
MX-EMg,17,281,409
MX-Iit,27,457.2,1123
MX-ISD,17.5,493,1702
MX-Lpa,23.6,182,21
MX-Oak,18.9,496,1314
MX-PMm,26.2,1222,10
MX-Ray,21.4,487,632
MX-Sgt,20,126,0
MX-Tes,24.3,647,460
MX-VQS,17.5,424,2231
PA-Bar,26,2650,150
PA-Bas,26,2650,150
PE-AMG,25.5,2335,290
PE-BRE,,,755
PE-IGP,12.3,705,3336
PE-PAN,25.5,2335,220
PE-QFR,,,104
PE-TNR,25.5,2335,214
PR-xGU,25,1168,143
PR-xLA,25,1168,24
US-A03,-11.2,115.1,5
US-A10,-11.2,115.1,4
US-A12,,,331
US-A14,,,315
US-A20,,,178
US-A30,,,183
US-A31,,,412.1
US-A32,33.9,889,335
US-A33,,,357
US-A37,,,378.9
US-A38,,,371.2
US-A39,14.95,965,306
US-A40,,,236
US-A41,,,340
US-A74,33.9,889,337
US-AaG,17.4,1410,33
US-ABa,20,1371,8.407258
US-ABb,20,1371,8.251645
US-ABc,20,1371,9.34224
US-ABd,20,1371,10.66159
US-ABe,20,1371,9.05302
US-ABf,22.5,1300,14.7
US-AC2,,,158
US-AC3,,,3
US-AC5,,,64
US-AC6,,,67
US-Act,11.1,907,263
US-ADR,17.5,110,842
US-AF1,15.9,376.4,300
US-Akn,,,93
US-ALQ,,,
US-AMS,11.7,940,232
US-An1,,,600
US-An2,,,600
US-An3,,,600
US-AoL,9.7,2.794,270.4
US-AR1,,,611
US-AR2,,,646
US-ARb,,,424
US-ARc,,,424
US-ARM,14.76,843,314
US-ASH,18.1,210,147
US-ASL,16.7,311,78
US-ASM,18.1,210,147
US-Atq,-9.7,93,15.00
US-Aud,14.85,438.35,1469
US-AV1,18.8,1404,60
US-AV2,18.8,1404,60
US-AV3,18.8,1404,60
US-AV4,18.8,1404,59
US-AV5,18.8,1404,60
US-Bar,5.61,1245.77,272
US-BCM,22.6,1142,23
US-Bd4,,,70
US-Bd5,,,70
US-Bd6,,,70
US-BdA,,,
US-BdC,,,
US-Beo,-11.3,72,
US-Bes,-12,173,4.60
US-BFS,17.22,343,410
US-BgC,16.5,650,135
US-Bi1,16,338,-2.7
US-Bi2,16,338,-5
US-Bkg,6.03,585.76,510
US-Blk,6.23,573.79,1718
US-Blo,11.09,1226,1315
US-BMM,,,2324
US-Bn1,,,518
US-Bn2,,,410
US-Bn3,,,469
US-BNF,16,1386,284
US-Bo1,11.02,991.29,219
US-Bo2,11.02,991.29,219
US-BQT,-9.78,146,4.767417431
US-Br1,8.95,842.33,313
US-Br2,8.89,846.74,314
US-Br3,8.9,846.6,313
US-BRG,11.8,1200,180
US-Brw,-12.6,85,1.00
US-Bsg,7.36,289,1398
US-BSM,9.9,1195,0.5
US-BTL,-2.4,274,188
US-BWa,,,
US-BWb,,,
US-BWe,13.44,1143,44
US-BZB,-2.4,274,100
US-BZF,-2.4,274,95
US-BZo,-2.4,274,100
US-BZS,-2.4,274,100
US-CAK,,,35
US-CaV,7.97,1317,994
US-CC1,7.5,906.5,314
US-CC2,7.5,906.5,320
US-CdM,11.3,348,1860
US-Ced,12.30,1231,58.00
US-CF1,9,550,794
US-CF2,9,550,807
US-CF3,9,550,795
US-CF4,9,550,795
US-CGG,16,419,119.5
US-ChR,13.91,1358.85,286
US-CLF,9.5,1050,244
US-CLN,8,981,368.1
US-CLS,8,981,354
US-Cms,-12.6,274,6
US-CMW,17,288,1199
US-CN1,12.8,1143,309
US-CN2,12.8,1143,309
US-Cop,,,1520
US-CPF,1.6,1121,3100
US-CPk,6.1,545,2750
US-CRE,16.4,1150,77
US-CRK,19,1148,151
US-CRT,10.1,849,180
US-CRW,16.4,1150,77
US-CS1,7,830,328
US-CS2,7,830,328
US-CS3,7,830,328
US-CS4,7,830,328
US-CS5,7,830,328
US-CS6,7,830,328
US-CS7,7,830,328
US-CS8,7,830,328
US-Cst,17.4,1410,50
US-Ctn,,,744
US-CU1,10.6,937,183.4
US-CU2,10.6,937,176
US-CU3,10.6,937,195
US-CU4,11.2,889,228
US-CwG,12.9,1495,657
US-Cwt,13,1800,690
US-CX1,8.4,340,1600
US-CX2,8.4,340,1600
US-CZ1,,,400
US-CZ2,,,1160
US-CZ3,,,2015
US-CZ4,,,2710
US-DBk,,,
US-DCS,23.1,1312,2.05
US-Dea,20.5,131,-53
US-Deu,20.5,131,-53
US-DFC,7.65,787,264.9
US-DFK,7.65,787,210
US-DGF,5.6,1700,65
US-Dia,15.6,265,323
US-Dix,12.30,1226,48.00
US-Dk1,14.36,1169.75,168
US-Dk2,14.36,1168.69,168
US-Dk3,14.36,1169.69,163
US-Dmg,16.1,365,1
US-DPP,22.6,1142,23
US-DPW,22.6,1142,23
US-DS1,16,432,-6
US-DS2,16,432,-6
US-DS3,16,432,-7
US-DUF,10.4,402,1527
US-E32,,,328
US-EA4,20.3,836,297
US-EA5,20.9,632,322
US-EA6,19.4,703,480
US-EDN,,,
US-EKH,10,894,0.5
US-EKN,10,894,0
US-EKP,10,894,0
US-EKY,10,894,0
US-Elm,,,0.77
US-EML,-1,378,662
US-EPM,19,600,
US-Esm,,,1.07
US-EvM,24.2,1200,0.332
US-FBE,25.5,1525,0
US-Fcr,-2.4,,265
US-Fmf,9.5,546,2160
US-Fo1,,,28.00
US-Fo2,,,41
US-FPe,5.48,334.8,634
US-FR1,19.56,866.65,230
US-FR2,19.48,864,271.9
US-FR3,19.59,869.23,232
US-Fuf,8.7,562,2180
US-Fwf,8.4,557,2270
US-GBT,0.80,1200,3191
US-GCE,19.83,1284,0.625
US-GL1,5.4,,183
US-GL2,6.6,762,183
US-GLE,0.80,1200,3197
US-GMF,6.08,1258.79,380
US-Goo,15.89,1425.77,87
US-GR8,16.2,1100,75
US-GR9,16.2,1100,75
US-GZ1,11.4,294.1,746
US-GZ2,11.4,294.1,731
US-GZ3,11.4,294.1,713
US-Ha1,6.62,1071,340
US-Ha2,6.56,1071,360
US-Ha3,6.62,1071,340
US-HB1,18.3,1429,0.1
US-HB2,18.3,1429,4.7
US-HB3,18.3,1429,7.3
US-HB4,18.3,1429,1
US-HB5,18,1359,5.9
US-HB6,18.3,1429,15
US-HB7,18.3,1429,5
US-HBa,18.3,1429,17.9
US-HBb,18.3,1429,48
US-HBK,6,1400,367
US-Hn1,12.8,197,118.58
US-Hn2,12.8,197,117.5
US-Hn3,12.8,197,120.9
US-Ho1,5.27,1070,60
US-Ho2,5.13,1064,61
US-Ho3,5.31,1072,61
US-HPY,11.5,1120,1
US-HRA,16.7,1250,
US-HRC,16.7,1250,
US-HRN,16.7,1250,61
US-HRo,9.9,1195,0.406
US-HRP,9.9,1195,0.5
US-HRS,16.78,1250.3,61
US-Hsm,15.6,450,1.113
US-HVa,-10.29,217,298
US-HVs,-10.29,217,320
US-HWB,10.1,1006.35,378
US-IAA,10.6,912,307.7
US-IAB,10.6,912,314.4
US-IAC,10.6,912,315
US-IAM,10.6,912,314
US-IB1,9.18,929.23,226.5
US-IB2,9.04,930.25,226.5
US-ICh,-7.4,318,940
US-ICs,-7.4,318,920
US-ICt,-7.4,318,930
US-INa,,,
US-INb,,,
US-INc,,,
US-INd,,,
US-INe,,,
US-INf,,,
US-INg,,,
US-INi,,,
US-INj,,,
US-INn,,,
US-INp,,,
US-IS1,11,991,202.73
US-IS2,11,991,198.19
US-IS3,11,991,220
US-Ivo,-8.28,304,568.00
US-JFM,14,1400,280
US-JFP,14,1400,121
US-JLN,13.1,1120,17
US-JLR,13.1,1120,17
US-Jo1,14.7,245.1,1188
US-Jo2,17.5,282.3,1469
US-Jo3,14.7,245.1,
US-JRn,13.2,1095.5,384.048
US-Jxg,14.8,257,1331
US-Jxn,,,1324
US-Jxs,14.8,256,1328
US-KCM,6.4,879,290
US-KEY,13.5,375,1138
US-KFB,12.77,867,330
US-KFS,12,1014,310
US-KGF,8.9,1170,35
US-KL1,9.9,1027,264.6
US-KL2,9.9,1027,258.3
US-KL3,9.9,1027,264.7
US-KLS,12,812,373
US-KM1,9.9,1027,258.1
US-KM2,9.9,1027,259.1
US-KM3,9.9,1027,262.1
US-KM4,9.9,1027,246.3
US-Kon,12.77,867,417
US-KPL,1.76,375.8,100.6
US-KS1,21.90,1266,1.00
US-KS2,21.66,1294,3.00
US-KS3,22.3,1340,0
US-KS4,22.3,1340,0.5
US-KSA,8.3,943,269
US-KSC,8.3,943,278
US-KSP,8.3,943,269
US-KUO,7.9,777,301
US-KUT,7.9,777,301
US-Kyv,11.78,964,185
US-LA1,20.7,1625,0
US-LA2,20.2,1655,0
US-LA3,20.9,1623,0.2
US-LCW,18.28,305,0
US-LGr,15,450,1026
US-Lin,,,131
US-LL1,20,1310,165
US-LL2,20,1310,155
US-LL3,20,1310,159.5
US-LMA,17.29,1418,39
US-LMB,17.29,1418,39
US-LMS,15.79,1371.6,56.2
US-LMW,16.92,1379,49.3
US-Los,4.08,828,480.00
US-LPH,6.73,1071,377.5
US-LS1,17,288,1230
US-LS2,17,288,1240
US-LU1,13.5,973,187
US-LWW,16.09,805.12,365
US-MAC,,,
US-MBP,3.4,780,416
US-MC1,6.25,432,900
US-MC2,6.25,432,900
US-MCP,10,894,0
US-Me1,7.88,704.61,896
US-Me2,6.28,523,1253.00
US-Me3,7.07,719,1005
US-Me4,7.61,1038.82,922
US-Me5,6.47,590.81,1188
US-Me6,7.59,494,998
US-Me7,6.28,523,1253
US-MEF,5,368.47,2367
US-Men,7.94,875,260
US-MFs,8.9,1170,20
US-MG1,7.06,317.8,1043
US-MH1,8.9,347,919.6
US-MH2,8.9,347,891
US-Mi1,10.5,1012.7,290
US-Mi2,10.5,1012.7,280
US-Mi3,10.5,1012.7,270
US-Mj1,6.6,388,1285
US-Mj2,6.6,388,1277
US-MKG,8.1,277.86,1634
US-MKH,7.6,295.77,1655.4
US-MKN,7.9,288.24,1602.6
US-MMS,10.85,1032,275
US-MN1,5.7,684.5,339
US-MN2,5.7,684.5,339
US-MN3,5.7,684.5,339
US-Mo1,12,981,260
US-Mo2,12,981,275
US-Mo3,12,981,261
US-MOz,12.11,986,219.40
US-Mpj,10.5,385,2196
US-MRf,10.24,1819.59,263
US-MRM,13.5,1120,1
US-MSR,7,374,1110
US-MtB,9.3,790,2573
US-Mur,13.25,1586,125
US-MVF,7,374,1128
US-MVW,7,374,1134
US-MWA,9.11,800,290
US-MWF,9,842,256
US-MWS,9.1,807,261
US-MWU,9,842,256
US-MWW,10,926,209
US-Myb,15.9,338,-4
US-MZA,9,940,124
US-NC1,16.6,1320,5
US-NC2,16.6,1320,5
US-NC3,16.6,1320,5
US-NC4,16.6,1311,1
US-NC5,15.5,1330,122
US-Ne1,10.07,790.37,361
US-Ne2,10.08,788.89,362
US-Ne3,10.11,783.68,363
US-NGB,-11.27,171,5.273
US-NGC,,,35
US-NMj,4.73,854.01,394
US-NP1,5.4,420,593
US-NP2,5.4,420,590
US-NPR,9,840,277
US-NR1,1.5,800,3050
US-NR2,0.43,595.37,3030
US-NR3,-2.2,884,3504
US-NR4,-2.2,884,3502
US-Nrf,10.3,1269,8
US-Nrs,10.3,1269,8
US-NSa,,,100
US-NSb,,,91
US-NSW,17.9,294,23.5
US-NYa,9.1,1035.66,115.1
US-NYb,9.1,1129.33,31.4
US-NYc,8.7,1108.35,36.6
US-NYd,9.8,1188.11,64.8
US-NYe,9.4,932.73,99.9
US-NYf,9.5,855.63,96
US-NYg,7.5,939.36,56.6
US-NYh,8,1075.74,447.9
US-NYi,6.4,1481.36,380.4
US-NYj,13,1223.11,54.6
US-NYk,12.9,1227.48,33.1
US-NYl,11.2,1191.13,8.9
US-NYm,7.9,1180.78,144.8
US-NYn,12.9,1225.94,33.2
US-NYo,9.3,831.2,250.7
US-NYp,9.7,1098.72,238.8
US-NYq,7.3,1136.79,540.7
US-NYr,6,1585.33,583.7
US-OF1,16.3,1277.1,69.8
US-OF2,16.3,1277.1,69.4
US-Oho,10.1,849,230
US-OK1,9.55,975.36,274.93
US-OK2,9.55,975.36,274.015
US-ONA,22.3,1268,25
US-OPE,13,1192,40
US-ORv,11.63,1499.1,221
US-OWC,10.7,930,174.00
US-PAS,22.3,1268,27.1
US-PeA,14.72,232.66,1092
US-PFa,4.33,823,470.00
US-PFb,4.33,823,474
US-PFc,4.33,823,473
US-PFd,4.33,823,473
US-PFe,4.33,823,480
US-PFf,4.33,823,464
US-PFg,4.33,823,475
US-PFh,4.33,823,463
US-PFi,4.33,823,488
US-PFj,4.33,823,484
US-PFk,4.33,823,476
US-PFL,4.33,823,464
US-PFm,4.33,823,484
US-PFn,4.33,823,478
US-PFo,4.33,823,476
US-PFp,4.33,823,497
US-PFq,4.33,823,473
US-PFr,4.33,823,490
US-PFs,4.33,823,489
US-PFt,4.33,823,466
US-PHM,7.2,1262,1.4
US-PiU,23.1,1312,3.04
US-PLM,8.7,1262,1
US-PLo,8.7,1262,1.4
US-Pnp,7.94,875,260
US-Pon,14.94,866.34,310
US-Prr,-2,275,210
US-PSH,15.6,191,70
US-PSL,16.7,311,65
US-PVA,20.7,1118,86.5
US-Px1,24.2,183,332
US-Px2,24.2,203,331
US-Px3,24,172,396
US-Px4,24.2,203,331
US-Px5,23.9,229,404
US-RC1,9,550,807
US-RC2,9,550,799
US-RC3,10,280,
US-RC4,9,680,817
US-RC5,11,230,349
US-RFE,10.2,468,1725
US-RFW,10.2,468,1864
US-RGA,16.7,1250,61.00
US-RGB,16,737,33.00
US-RGF,17.2,31,16
US-RGG,16,610,36
US-RGo,16,610,40
US-RGR,18.8,1404,60
US-RGW,16.7,1283,41.00
US-Rls,8.4,333,1608
US-Rms,5.4,800,2111
US-Ro1,6.4,879,290
US-Ro2,6.4,879,292
US-Ro3,6.4,879,260
US-Ro4,6.4,879,274
US-Ro5,6.4,879,283
US-Ro6,6.4,879,282
US-Rpf,-0.8,450,497
US-RRC,15.4,1117,0.1
US-RTS,-9,330,890
US-Rwe,5.4,800,2098
US-Rwf,6.5,505,1878
US-Rws,8.9,290,1425
US-Sag,-8,121,170
US-SB1,12.7,1016,242
US-SB2,12.7,1016,240
US-SB3,12.7,1016,253
US-SBR,18.28,305,0
US-SCc,,,1280
US-SCd,,,275
US-SCf,,,1770
US-SCg,,,465
US-SCs,,,470
US-SCw,,,1281
US-SD1,11.45,946.16,
US-SD2,,,
US-SdH,,,1081
US-SDU,10.04,406,1618
US-Seg,13.667,273.304,1596
US-Ses,13.722,275.082,1604
US-SFP,,,386
US-SHC,5.3,827,1934
US-Shd,14.32,897.91,346
US-SHS,13.5,1120,1
US-Si1,15,328.1,-3.8
US-Si2,15,328.1,-3.8
US-SJ1,,,3
US-SJ2,,,3
US-Skr,23.77,1259,0
US-Slt,12.40,1220,30.00
US-SM1,12.9,559,897
US-SM2,13.5,561,883.478
US-SM3,13.5,561,883.465
US-Snd,15.6,358,-5
US-Sne,16.09,311,-5
US-Snf,,,-4
US-SO2,13.63,553,1394.00
US-SO3,13.29,576,1429.00
US-SO4,,,1429.00
US-SP1,20.06,1309.77,50
US-SP2,20.07,1314.41,50
US-SP3,20.25,1312.35,50
US-SP4,20,1319.63,47
US-SRC,22,330,950
US-SRG,17,420,1291
US-SRM,17.92,380,1120
US-Srr,15.1,326,8
US-SRS,19.4,388,1169
US-SSH,9.5,1050,310
US-Sta,5.1,,2069
US-StJ,13.5,1121,6.7
US-StS,18.1,1300,0
US-SuM,24.1,287,21
US-SuS,24.4,334,203
US-SuW,24.4,366,44
US-SVC,17.94,1183.89,94
US-SVP,17.94,1183.89,103
US-Sx1,17.8,1370,12
US-Sx2,17.8,1370,9
US-Sx3,17.8,1370,20
US-Syv,3.81,826,540.00
US-SZ1,9.5,437.4,657
US-SZ2,9.5,437.4,664
US-SZ3,9.5,437.4,687
US-TaS,23.7,986.8,3
US-TCS,23.6,1312,1.2
US-TEF,0,880,2241
US-TFF,8.9,1170,23.3
US-TKs,-9,316,760
US-TLR,19,469.4,1
US-Ton,15.8,559,177
US-TrB,3.8,787,499
US-TrS,3.8,787,495
US-Tsm,20.9,1460,0.8
US-Tur,6.67,670,1530
US-Tw1,15.5,421,-5
US-Tw2,15.5,421,-5
US-Tw3,15.6,421,-4
US-Tw4,15.6,421,-5
US-Tw5,15.5,421,-5
US-Tw6,15.6,421,-5
US-Twt,15.6,421,-7
US-Tx1,25.6,889,157
US-Tx2,18.95,914,162
US-Tx3,18.95,914,167
US-Tx4,18.95,914,173
US-Tx5,19.95,991,68
US-Tx6,22.2,716,82
US-Tx7,22.2,716,82
US-Tx8,20.6,1143,16
US-Tx9,21.15,1245,0
US-Uaf,-2.9,263,155
US-UC1,10.1,1006.35,390
US-UC2,10.1,1006.35,396
US-UG1,8,750,2755
US-UiA,10.9,1051,224
US-UiB,10.9,1051,224
US-UiC,10.9,1051,224
US-UiD,10.9,1051,224
US-UiE,11.2,1021,217
US-UiF,11.2,1021,220
US-UiG,11.2,1021,220
US-ULM,18.77,1356.36,20
US-UM3,5.83,803,234
US-UMB,5.83,803,234
US-UMd,5.83,803,239
US-Upa,-13.57,123.68,5
US-UR0,5,427,1899.1
US-UR1,4,237,2177
US-UR2,2,301,2252.7
US-UR3,6,254,2101.1
US-UR4,4,330,2464
US-UR5,12,256,1772
US-UR6,12,200,1770
US-UR7,11,274,1642.3
US-UR8,10,388,2117.5
US-UR9,5.3,200,2029.9
US-UTB,10.6,138.59,1287
US-UTD,12,215.65,1580
US-UTE,10.83,258.318,1729.3
US-UTG,21,161,1245.1
US-UTH,12,500,1282
US-UTJ,12.6,196.85,1281
US-UTL,17,177,1486.2
US-UTM,13,240.03,1207
US-UTN,10.2,396,1529
US-UTP,11.2,419,1281
US-UTV,16.7,177,1539
US-UTW,9.6,225.22,1682
US-UTX,11,350,1280
US-UTY,11,350,1280
US-UUC,11,420,1300
US-UUP,11,420,1278
US-Var,15.8,559,129
US-Vcm,6.4,646,3043
US-Vcp,9.8,550,2501
US-Vcs,4.6,550.93,2752
US-VFP,14.05,1023.3,1
US-VT1,11.37,1068.37,216
US-VT2,11.37,1068.37,216
US-Wb1,16,350,-7.5
US-Wb2,16,350,-7.5
US-WBW,13.71,1372.05,283
US-WCr,4.02,787,520.00
US-Wdn,3.3,,2469
US-WEP,8.9,1170,27
US-Wgr,11.58,1194,52
US-Whs,17.6,320,1370
US-Wi0,,,349
US-Wi1,,,352
US-Wi2,,,395
US-Wi3,,,411
US-Wi4,,,352
US-Wi5,,,353
US-Wi6,,,371
US-Wi7,,,335
US-Wi8,,,348
US-Wi9,,,350
US-Wjs,15.2,361,1931
US-Wkg,15.64,407,1531
US-Wlr,13.52,881,408
US-Wpp,11.39,1293,111
US-WPT,10.1,849,175
US-Wrc,8.8,2452,371
US-WT1,14.4,482,1058
US-WT2,14.4,482,1056
US-WT3,14.4,482,1071
US-Wwt,11.58,1194,52
US-xAB,10,2450.59,363
US-xAE,15.5,778.85,516
US-xBA,-12,110,6
US-xBL,12.1,982.55,183
US-xBN,-2,275,263
US-xBR,5.6,1246,232
US-xCL,17.5,925.61,259
US-xCP,8.6,320,1654
US-xDC,4.9,489.74,559
US-xDJ,-2,300,529
US-xDL,17.6,1372,22
US-xDS,22.5,1216.09,15
US-xGR,13.1,1375,579
US-xHA,6.62,1071,351
US-xHE,-4,320,705
US-xJE,19.2,1307.97,44
US-xJR,15.7,271.33,1329
US-xKA,12.7,850.63,1329
US-xKZ,12.4,870.38,381
US-xLE,18.1,1386.24,20
US-xMB,10.1,319.46,1767
US-xML,8.8,1227.82,1126
US-xNG,5.9,456.51,578
US-xNQ,9,288.31,1685
US-xNW,0.3,1004.54,3513
US-xPU,13,2685,1685
US-xRM,2.9,730.59,2743
US-xRN,14.4,1340.32,334
US-xSB,20.9,1302.09,45
US-xSC,11.6,1125.5,361
US-xSE,13.6,1074.65,15
US-xSJ,16.4,539.62,368
US-xSL,9.7,432.67,1364
US-xSP,13.4,900.35,1160
US-xSR,19.3,346,983
US-xST,4.8,797.56,481
US-xTA,17.2,1382.68,135
US-xTE,8,1222.5,2147
US-xTL,-4,331,843
US-xTR,4.8,797.56,472
US-xUK,12.7,990.63,335
US-xUN,4.3,802.3,518
US-xWD,4.9,493.76,579
US-xWR,9.2,2225.01,407
US-xYE,3.4,493.44,2116
US-YK1,,,15
US-YK2,,,15
US-Ylw,20,1260,14
US-YNS,-2.5,275,186.9
US-ZF1,9,914,202
US-ZF2,9,914,202
