BIN_COMBINED_STR,BIN_VPD_F,BIN_TA_F,VPD_F_SHAPVALS
0.0+0.0,0.0,0.0,-0.72617596
0.0+10.526315789473685,10.526315789473685,0.0,-0.6244036
0.0+15.789473684210527,15.789473684210527,0.0,-0.30555665
0.0+5.2631578947368425,5.2631578947368425,0.0,-0.41335082
10.0+0.0,0.0,10.0,-0.6207658
10.0+10.526315789473685,10.526315789473685,10.0,-0.56079924
10.0+15.789473684210527,15.789473684210527,10.0,-0.603894
10.0+21.05263157894737,21.05263157894737,10.0,-0.27365637
10.0+26.315789473684212,26.315789473684212,10.0,-0.14495388
10.0+31.578947368421055,31.578947368421055,10.0,0.089312665
10.0+5.2631578947368425,5.2631578947368425,10.0,-0.47085553
15.0+0.0,0.0,15.0,-0.3854019
15.0+10.526315789473685,10.526315789473685,15.0,-0.8387231
15.0+15.789473684210527,15.789473684210527,15.0,-0.4285017
15.0+21.05263157894737,21.05263157894737,15.0,-0.2747046
15.0+26.315789473684212,26.315789473684212,15.0,-0.4375794
15.0+31.578947368421055,31.578947368421055,15.0,-0.27765313
15.0+36.8421052631579,36.8421052631579,15.0,0.20338394
15.0+5.2631578947368425,5.2631578947368425,15.0,-0.37055096
20.0+0.0,0.0,20.0,-0.29109168
20.0+10.526315789473685,10.526315789473685,20.0,-0.65265733
20.0+15.789473684210527,15.789473684210527,20.0,-0.41081962
20.0+21.05263157894737,21.05263157894737,20.0,-0.18157442
20.0+26.315789473684212,26.315789473684212,20.0,-0.343422
20.0+31.578947368421055,31.578947368421055,20.0,0.05800879
20.0+36.8421052631579,36.8421052631579,20.0,-0.10648655
20.0+42.10526315789474,42.10526315789474,20.0,0.028592449
20.0+5.2631578947368425,5.2631578947368425,20.0,-0.55651796
25.0+0.0,0.0,25.0,-0.6041561
25.0+10.526315789473685,10.526315789473685,25.0,-0.43383375
25.0+15.789473684210527,15.789473684210527,25.0,-0.48451686
25.0+21.05263157894737,21.05263157894737,25.0,-0.16796587
25.0+26.315789473684212,26.315789473684212,25.0,-0.3314323
25.0+31.578947368421055,31.578947368421055,25.0,-0.20412175
25.0+36.8421052631579,36.8421052631579,25.0,0.016164359
25.0+42.10526315789474,42.10526315789474,25.0,-0.15170933
25.0+47.36842105263158,47.36842105263158,25.0,-0.15011767
25.0+5.2631578947368425,5.2631578947368425,25.0,-0.33936864
30.0+10.526315789473685,10.526315789473685,30.0,-0.6807891
30.0+15.789473684210527,15.789473684210527,30.0,-0.48939934
30.0+21.05263157894737,21.05263157894737,30.0,-0.37470952
30.0+26.315789473684212,26.315789473684212,30.0,-0.6638347
30.0+31.578947368421055,31.578947368421055,30.0,-0.22143823
30.0+36.8421052631579,36.8421052631579,30.0,-0.05342832
30.0+42.10526315789474,42.10526315789474,30.0,-0.029691048
30.0+47.36842105263158,47.36842105263158,30.0,-0.20220335
30.0+5.2631578947368425,5.2631578947368425,30.0,-0.8322889
30.0+52.631578947368425,52.631578947368425,30.0,-0.08733266
30.0+57.89473684210527,57.89473684210527,30.0,-0.070318185
35.0+10.526315789473685,10.526315789473685,35.0,-0.37340403
35.0+15.789473684210527,15.789473684210527,35.0,-0.7158693
35.0+21.05263157894737,21.05263157894737,35.0,-0.16957964
35.0+26.315789473684212,26.315789473684212,35.0,-0.5103171
35.0+31.578947368421055,31.578947368421055,35.0,-0.037376847
35.0+36.8421052631579,36.8421052631579,35.0,-0.10123848
35.0+42.10526315789474,42.10526315789474,35.0,-0.01362999
35.0+47.36842105263158,47.36842105263158,35.0,-0.018877229
35.0+5.2631578947368425,5.2631578947368425,35.0,-2.7570224
35.0+52.631578947368425,52.631578947368425,35.0,-0.082682736
35.0+57.89473684210527,57.89473684210527,35.0,0.002508023
35.0+63.15789473684211,63.15789473684211,35.0,0.17021966
40.0+0.0,0.0,40.0,-0.2539545
40.0+10.526315789473685,10.526315789473685,40.0,-0.88194525
40.0+15.789473684210527,15.789473684210527,40.0,-0.43263012
40.0+21.05263157894737,21.05263157894737,40.0,-0.33216318
40.0+26.315789473684212,26.315789473684212,40.0,-0.5114479
40.0+31.578947368421055,31.578947368421055,40.0,-0.16518216
40.0+36.8421052631579,36.8421052631579,40.0,-0.1511866
40.0+42.10526315789474,42.10526315789474,40.0,-0.057775244
40.0+47.36842105263158,47.36842105263158,40.0,-0.12587652
40.0+5.2631578947368425,5.2631578947368425,40.0,-0.24697089
40.0+52.631578947368425,52.631578947368425,40.0,-0.07322183
40.0+57.89473684210527,57.89473684210527,40.0,-0.16837612
40.0+63.15789473684211,63.15789473684211,40.0,0.035170875
45.0+10.526315789473685,10.526315789473685,45.0,-0.30673695
45.0+15.789473684210527,15.789473684210527,45.0,-0.8122085
45.0+21.05263157894737,21.05263157894737,45.0,-0.48473942
45.0+26.315789473684212,26.315789473684212,45.0,-0.7417117
45.0+31.578947368421055,31.578947368421055,45.0,-0.11281466
45.0+36.8421052631579,36.8421052631579,45.0,-0.10600553
45.0+42.10526315789474,42.10526315789474,45.0,-0.098923884
45.0+47.36842105263158,47.36842105263158,45.0,-0.015974276
45.0+52.631578947368425,52.631578947368425,45.0,0.036516506
45.0+57.89473684210527,57.89473684210527,45.0,0.1424819
45.0+63.15789473684211,63.15789473684211,45.0,0.2518834
45.0+68.42105263157896,68.42105263157896,45.0,0.11645593
5.0+0.0,0.0,5.0,-0.70425326
5.0+10.526315789473685,10.526315789473685,5.0,-0.681396
5.0+15.789473684210527,15.789473684210527,5.0,-0.5439928
5.0+21.05263157894737,21.05263157894737,5.0,-0.4583773
5.0+5.2631578947368425,5.2631578947368425,5.0,-0.4165024
50.0+15.789473684210527,15.789473684210527,50.0,-0.52458215
50.0+21.05263157894737,21.05263157894737,50.0,0.25665247
50.0+26.315789473684212,26.315789473684212,50.0,-0.36299902
50.0+31.578947368421055,31.578947368421055,50.0,-0.17875671
50.0+36.8421052631579,36.8421052631579,50.0,-0.06336313
50.0+42.10526315789474,42.10526315789474,50.0,-0.014535298
50.0+47.36842105263158,47.36842105263158,50.0,-0.042826597
50.0+52.631578947368425,52.631578947368425,50.0,0.012888197
50.0+57.89473684210527,57.89473684210527,50.0,0.07224939
50.0+63.15789473684211,63.15789473684211,50.0,0.10452002
50.0+68.42105263157896,68.42105263157896,50.0,0.19075517
50.0+73.6842105263158,73.6842105263158,50.0,0.26823545
55.0+21.05263157894737,21.05263157894737,55.0,-0.53801197
55.0+26.315789473684212,26.315789473684212,55.0,-0.40910333
55.0+31.578947368421055,31.578947368421055,55.0,-0.16873285
55.0+36.8421052631579,36.8421052631579,55.0,0.04555463
55.0+42.10526315789474,42.10526315789474,55.0,0.037054256
55.0+47.36842105263158,47.36842105263158,55.0,-0.12078655
55.0+52.631578947368425,52.631578947368425,55.0,0.15742268
55.0+57.89473684210527,57.89473684210527,55.0,0.12179903
55.0+63.15789473684211,63.15789473684211,55.0,0.08456038
55.0+68.42105263157896,68.42105263157896,55.0,0.26823145
55.0+73.6842105263158,73.6842105263158,55.0,0.4335278
55.0+78.94736842105263,78.94736842105263,55.0,0.59815454
60.0+26.315789473684212,26.315789473684212,60.0,-0.18725699
60.0+31.578947368421055,31.578947368421055,60.0,-0.03412494
60.0+36.8421052631579,36.8421052631579,60.0,-0.1858483
60.0+42.10526315789474,42.10526315789474,60.0,0.088304624
60.0+47.36842105263158,47.36842105263158,60.0,-0.11586738
60.0+52.631578947368425,52.631578947368425,60.0,-0.012969119
60.0+57.89473684210527,57.89473684210527,60.0,0.13040353
60.0+63.15789473684211,63.15789473684211,60.0,0.2494456
60.0+68.42105263157896,68.42105263157896,60.0,0.32222632
60.0+73.6842105263158,73.6842105263158,60.0,0.4135989
60.0+78.94736842105263,78.94736842105263,60.0,0.5606272
65.0+31.578947368421055,31.578947368421055,65.0,-0.41922227
65.0+36.8421052631579,36.8421052631579,65.0,-0.117112406
65.0+42.10526315789474,42.10526315789474,65.0,0.17085297
65.0+47.36842105263158,47.36842105263158,65.0,0.053999536
65.0+52.631578947368425,52.631578947368425,65.0,0.0597281
65.0+57.89473684210527,57.89473684210527,65.0,0.19009584
65.0+63.15789473684211,63.15789473684211,65.0,0.21319294
65.0+68.42105263157896,68.42105263157896,65.0,0.23648512
65.0+73.6842105263158,73.6842105263158,65.0,0.34123766
65.0+78.94736842105263,78.94736842105263,65.0,0.36405814
65.0+84.21052631578948,84.21052631578948,65.0,0.623972
70.0+42.10526315789474,42.10526315789474,70.0,0.027687708
70.0+47.36842105263158,47.36842105263158,70.0,0.24414591
70.0+52.631578947368425,52.631578947368425,70.0,0.23834205
70.0+57.89473684210527,57.89473684210527,70.0,0.27205005
70.0+63.15789473684211,63.15789473684211,70.0,0.33419862
70.0+68.42105263157896,68.42105263157896,70.0,0.25608978
70.0+73.6842105263158,73.6842105263158,70.0,0.48814744
70.0+78.94736842105263,78.94736842105263,70.0,0.49014604
70.0+84.21052631578948,84.21052631578948,70.0,0.45948333
70.0+89.47368421052633,89.47368421052633,70.0,1.0849669
75.0+52.631578947368425,52.631578947368425,75.0,0.097947955
75.0+57.89473684210527,57.89473684210527,75.0,0.2296284
75.0+63.15789473684211,63.15789473684211,75.0,0.31637356
75.0+68.42105263157896,68.42105263157896,75.0,0.3437293
75.0+73.6842105263158,73.6842105263158,75.0,0.56425047
75.0+78.94736842105263,78.94736842105263,75.0,0.7639412
75.0+84.21052631578948,84.21052631578948,75.0,0.6658889
75.0+89.47368421052633,89.47368421052633,75.0,0.8359062
75.0+94.73684210526316,94.73684210526316,75.0,0.80081886
80.0+47.36842105263158,47.36842105263158,80.0,0.039837725
80.0+57.89473684210527,57.89473684210527,80.0,0.4096896
80.0+63.15789473684211,63.15789473684211,80.0,0.26848924
80.0+68.42105263157896,68.42105263157896,80.0,0.48654562
80.0+73.6842105263158,73.6842105263158,80.0,0.41780588
80.0+78.94736842105263,78.94736842105263,80.0,0.5998577
80.0+84.21052631578948,84.21052631578948,80.0,0.73205405
80.0+89.47368421052633,89.47368421052633,80.0,0.7870803
85.0+68.42105263157896,68.42105263157896,85.0,0.33222792
85.0+73.6842105263158,73.6842105263158,85.0,0.38055897
85.0+78.94736842105263,78.94736842105263,85.0,0.59576476
85.0+84.21052631578948,84.21052631578948,85.0,0.68189156
85.0+89.47368421052633,89.47368421052633,85.0,0.83268535
85.0+94.73684210526316,94.73684210526316,85.0,0.95967835
90.0+73.6842105263158,73.6842105263158,90.0,0.67642623
90.0+78.94736842105263,78.94736842105263,90.0,0.5308465
90.0+84.21052631578948,84.21052631578948,90.0,0.62076765
90.0+89.47368421052633,89.47368421052633,90.0,0.80538154
90.0+94.73684210526316,94.73684210526316,90.0,0.7735319
95.0+89.47368421052633,89.47368421052633,95.0,0.85988003
95.0+94.73684210526316,94.73684210526316,95.0,0.93230677
