SITE,ORIGIN,ELEVATION,LON,LAT,IGBP,_DIRNAME_FXN,_DIRPATH_FXN,_FILEPATH_FXN,_DIRNAME_ICOS,_DIRPATH_ICOS,_FILEPATH_ICOS,_DIRNAME_AMF,_DIRPATH_AMF,_FILEPATH_AMF,_FILEPATH_PARQUET,SWIN_VAR,TA_VAR,VPD_VAR,PREC_VAR,SWC_VAR,DATE_FIRST,DATE_LAST,N_YEARS,N_RECORDS,SWIN_AVG,SWIN_N_RECORDS,TA_AVG,TA_N_RECORDS,VPD_AVG,VPD_N_RECORDS,PREC/YR,PREC_N_RECORDS,SWC_AVG,SWC_N_RECORDS
BE-Bra,ICOS,16.0,4.51984,51.30761,ENF,,,,ICOSETC_BE-Bra_ARCHIVE_L2,..\data\source\icos\ICOSETC_BE-Bra_ARCHIVE_L2,..\data\source\icos\ICOSETC_BE-Bra_ARCHIVE_L2\ICOSETC_BE-Bra_FLUXNET_HH_L2.csv,,,,..\data\merged_to_parquet\BE-Bra_ENF_ICOS_2020-2024.parquet,SW_IN_F,TA_F,VPD_F,P_F,SWC_F_MDS_1,01 Jan 2020,31 Dec 2024,5.0,87696.0,124.10218967797847,87696.0,11.457296889253787,87696.0,3.869338282247765,87696.0,881.0780000000001,87696.0,13.94369344080795,74064.0
BE-Vie,ICOS,508.0,5.998099,50.304962,MF,,,,ICOSETC_BE-Vie_ARCHIVE_L2,..\data\source\icos\ICOSETC_BE-Vie_ARCHIVE_L2,..\data\source\icos\ICOSETC_BE-Vie_ARCHIVE_L2\ICOSETC_BE-Vie_FLUXNET_HH_L2.csv,,,,..\data\merged_to_parquet\BE-Vie_MF_ICOS_2020-2024.parquet,SW_IN_F,TA_F,VPD_F,P_F,SWC_F_MDS_1,01 Jan 2020,31 Dec 2024,5.0,87696.0,125.4399710135012,87696.0,8.969120472997629,87696.0,3.1410708926290822,87696.0,1141.6493999999998,87696.0,20.25151741736876,74064.0
CD-Ygb,ICOS,466.0,24.502472,0.814444,MF,,,,ICOSETC_CD-Ygb_ARCHIVE_L2,..\data\source\icos\ICOSETC_CD-Ygb_ARCHIVE_L2,..\data\source\icos\ICOSETC_CD-Ygb_ARCHIVE_L2\ICOSETC_CD-Ygb_FLUXNET_HH_L2.csv,,,,..\data\merged_to_parquet\CD-Ygb_MF_ICOS_2020-2024.parquet,SW_IN_F,TA_F,VPD_F,P_F,SWC_F_MDS_1,01 Jan 2020,31 Dec 2024,5.0,87696.0,178.45733927431124,87696.0,24.964043445539133,87696.0,5.284670885787265,87696.0,1843.551,87696.0,11.565146549416424,74712.0
CH-Dav,ICOS,1637.0,9.85591,46.81533,ENF,,,,ICOSETC_CH-Dav_ARCHIVE_L2,..\data\source\icos\ICOSETC_CH-Dav_ARCHIVE_L2,..\data\source\icos\ICOSETC_CH-Dav_ARCHIVE_L2\ICOSETC_CH-Dav_FLUXNET_HH_L2.csv,,,,..\data\merged_to_parquet\CH-Dav_ENF_ICOS_2019-2024.parquet,SW_IN_F,TA_F,VPD_F,P_F,SWC_F_MDS_1,01 Jan 2019,31 Dec 2024,6.0,105216.0,151.3659236522962,105216.0,5.279201110097323,105216.0,3.397767212211071,105216.0,1012.8499999999999,105216.0,12.701876170908445,90528.0
CZ-BK1,ICOS,881.0,18.53688247,49.50207615,ENF,,,,ICOSETC_CZ-BK1_ARCHIVE_L2,..\data\source\icos\ICOSETC_CZ-BK1_ARCHIVE_L2,..\data\source\icos\ICOSETC_CZ-BK1_ARCHIVE_L2\ICOSETC_CZ-BK1_FLUXNET_HH_L2.csv,,,,..\data\merged_to_parquet\CZ-BK1_ENF_ICOS_2022-2024.parquet,SW_IN_F,TA_F,VPD_F,P_F,SWC_F_MDS_1,01 Jan 2022,31 Dec 2024,3.0,52608.0,130.20988353482358,52608.0,7.631171494829685,52608.0,3.219788948448905,52608.0,1079.9783333333332,52608.0,13.763799813953488,5375.0
CZ-Lnz,ICOS,182.0,16.9463317,48.6815483,DBF,,,,ICOSETC_CZ-Lnz_ARCHIVE_L2,..\data\source\icos\ICOSETC_CZ-Lnz_ARCHIVE_L2,..\data\source\icos\ICOSETC_CZ-Lnz_ARCHIVE_L2\ICOSETC_CZ-Lnz_FLUXNET_HH_L2.csv,,,,..\data\merged_to_parquet\CZ-Lnz_DBF_ICOS_2022-2024.parquet,SW_IN_F,TA_F,VPD_F,P_F,SWC_F_MDS_1,01 Jan 2022,31 Dec 2024,3.0,52608.0,142.78159183013994,52608.0,11.91926784899635,52608.0,5.783714149939172,52608.0,526.384,52608.0,27.394848712354555,46752.0
DE-Har,ICOS,201.0,7.5981,47.933,MF,,,,ICOSETC_DE-Har_ARCHIVE_L2,..\data\source\icos\ICOSETC_DE-Har_ARCHIVE_L2,..\data\source\icos\ICOSETC_DE-Har_ARCHIVE_L2\ICOSETC_DE-Har_FLUXNET_HH_L2.csv,,,,..\data\merged_to_parquet\DE-Har_MF_ICOS_2020-2024.parquet,SW_IN_F,TA_F,VPD_F,P_F,SWC_F_MDS_1,01 Jan 2020,31 Dec 2024,5.0,87696.0,143.6201300173326,87696.0,12.553955368545886,87696.0,5.1027186302682,87696.0,592.6855999999999,87696.0,14.419517275588396,87696.0
DE-HoH,ICOS,217.0,11.22235,52.08656,DBF,,,,ICOSETC_DE-HoH_ARCHIVE_L2,..\data\source\icos\ICOSETC_DE-HoH_ARCHIVE_L2,..\data\source\icos\ICOSETC_DE-HoH_ARCHIVE_L2\ICOSETC_DE-HoH_FLUXNET_HH_L2.csv,,,,..\data\merged_to_parquet\DE-HoH_DBF_ICOS_2019-2024.parquet,SW_IN_F,TA_F,VPD_F,P_F,SWC_F_MDS_1,01 Jan 2019,31 Dec 2024,6.0,105216.0,132.33217719738442,105216.0,10.502929231295619,105216.0,4.409488053147809,105216.0,529.4968333333334,105216.0,20.458430834543403,99168.0
DE-Hzd,ICOS,395.0,13.48978,50.96381,DBF,,,,ICOSETC_DE-Hzd_ARCHIVE_L2,..\data\source\icos\ICOSETC_DE-Hzd_ARCHIVE_L2,..\data\source\icos\ICOSETC_DE-Hzd_ARCHIVE_L2\ICOSETC_DE-Hzd_FLUXNET_HH_L2.csv,,,,..\data\merged_to_parquet\DE-Hzd_DBF_ICOS_2022-2024.parquet,SW_IN_F,TA_F,VPD_F,P_F,SWC_F_MDS_2,01 Jan 2022,31 Dec 2024,3.0,52608.0,128.64708040602187,52608.0,11.159992130474453,52608.0,4.595767487834549,52608.0,6749.251333333334,52608.0,20.340696700121658,52608.0
DE-Msr,ICOS,602.07,11.456168,47.809181,ENF,,,,ICOSETC_DE-Msr_ARCHIVE_L2,..\data\source\icos\ICOSETC_DE-Msr_ARCHIVE_L2,..\data\source\icos\ICOSETC_DE-Msr_ARCHIVE_L2\ICOSETC_DE-Msr_FLUXNET_HH_L2.csv,,,,..\data\merged_to_parquet\DE-Msr_ENF_ICOS_2020-2024.parquet,SW_IN_F,TA_F,VPD_F,P_F,SWC_F_MDS_1,01 Jan 2020,31 Dec 2024,5.0,87696.0,139.26198373928113,87696.0,8.528316582284253,87696.0,3.128381819011129,87696.0,1164.6894,87696.0,24.189450254040423,80499.0
DE-RuW,ICOS,610.0,6.33096247542595,50.5049268531233,ENF,,,,ICOSETC_DE-RuW_ARCHIVE_L2,..\data\source\icos\ICOSETC_DE-RuW_ARCHIVE_L2,..\data\source\icos\ICOSETC_DE-RuW_ARCHIVE_L2\ICOSETC_DE-RuW_FLUXNET_HH_L2.csv,,,,..\data\merged_to_parquet\DE-RuW_ENF_ICOS_2012-2024.parquet,SW_IN_F,TA_F,VPD_F,P_F,SWC_F_MDS_1,01 Jan 2012,31 Dec 2024,13.0,227952.0,127.21822852179406,227952.0,8.744173918193306,227952.0,3.0645922606513643,227952.0,1134.9698461538462,227952.0,20.382096262655352,225695.0
DE-Tha,ICOS,388.0,13.56515,50.96256,ENF,,,,ICOSETC_DE-Tha_ARCHIVE_L2,..\data\source\icos\ICOSETC_DE-Tha_ARCHIVE_L2,..\data\source\icos\ICOSETC_DE-Tha_ARCHIVE_L2\ICOSETC_DE-Tha_FLUXNET_HH_L2.csv,,,,..\data\merged_to_parquet\DE-Tha_ENF_ICOS_2020-2024.parquet,SW_IN_F,TA_F,VPD_F,P_F,SWC_F_MDS_1,01 Jan 2020,31 Dec 2024,5.0,87696.0,132.76229376482397,87696.0,10.02975486909323,87696.0,4.391853174603175,87696.0,753.471,87696.0,9.398181154136964,74064.0
DK-RCW,ICOS,40.0,12.101398,55.680682,DBF,,,,ICOSETC_DK-RCW_ARCHIVE_L2,..\data\source\icos\ICOSETC_DK-RCW_ARCHIVE_L2,..\data\source\icos\ICOSETC_DK-RCW_ARCHIVE_L2\ICOSETC_DK-RCW_FLUXNET_HH_L2.csv,,,,..\data\merged_to_parquet\DK-RCW_DBF_ICOS_2023-2024.parquet,SW_IN_F,TA_F,VPD_F,P_F,-MISSING-,01 Jan 2023,31 Dec 2024,2.0,35088.0,123.6026089261286,35088.0,9.864028442772458,35088.0,2.9596307284541723,35088.0,548.9000000000001,35088.0,-MISSING-,-MISSING-
DK-Sor,ICOS,55.0,11.6446444,55.4858694,DBF,,,,ICOSETC_DK-Sor_ARCHIVE_L2,..\data\source\icos\ICOSETC_DK-Sor_ARCHIVE_L2,..\data\source\icos\ICOSETC_DK-Sor_ARCHIVE_L2\ICOSETC_DK-Sor_FLUXNET_HH_L2.csv,,,,..\data\merged_to_parquet\DK-Sor_DBF_ICOS_2021-2024.parquet,SW_IN_F,TA_F,VPD_F,P_F,SWC_F_MDS_1,01 Jan 2021,31 Dec 2024,4.0,70128.0,124.27752459787818,70128.0,9.562832349418207,70128.0,3.0035077572438973,70128.0,718.341,70128.0,24.07749358419838,55488
FI-Hyy,ICOS,182.0,24.29477,61.84741,ENF,,,,ICOSETC_FI-Hyy_ARCHIVE_L2,..\data\source\icos\ICOSETC_FI-Hyy_ARCHIVE_L2,..\data\source\icos\ICOSETC_FI-Hyy_ARCHIVE_L2\ICOSETC_FI-Hyy_FLUXNET_HH_L2.csv,,,,..\data\merged_to_parquet\FI-Hyy_ENF_ICOS_2018-2024.parquet,SW_IN_F,TA_F,VPD_F,P_F,SWC_F_MDS_1,01 Jan 2018,31 Dec 2024,7.0,122736.0,104.69151164287578,122736.0,5.286071380849953,122736.0,2.830165232694564,122736.0,758.5505714285716,122736.0,19.029241226616584,108624
FI-Ken,ICOS,347.0,24.24301028,67.98721472,ENF,,,,ICOSETC_FI-Ken_ARCHIVE_L2,..\data\source\icos\ICOSETC_FI-Ken_ARCHIVE_L2,..\data\source\icos\ICOSETC_FI-Ken_ARCHIVE_L2\ICOSETC_FI-Ken_FLUXNET_HH_L2.csv,,,,..\data\merged_to_parquet\FI-Ken_ENF_ICOS_2020-2024.parquet,SW_IN_F,TA_F,VPD_F,P_F,SWC_F_MDS_1,01 Jan 2020,31 Dec 2024,5.0,87696.0,89.89776193897102,87696.0,1.3961865193395364,87696.0,1.9811314085020983,87696.0,692.1794,87696.0,23.670899790184272,87696
FI-Let,ICOS,125.0,23.95952,60.64183,ENF,,,,ICOSETC_FI-Let_ARCHIVE_L2,..\data\source\icos\ICOSETC_FI-Let_ARCHIVE_L2,..\data\source\icos\ICOSETC_FI-Let_ARCHIVE_L2\ICOSETC_FI-Let_FLUXNET_HH_L2.csv,,,,..\data\merged_to_parquet\FI-Let_ENF_ICOS_2017-2024.parquet,SW_IN_F,TA_F,VPD_F,P_F,-MISSING-,01 Jan 2017,31 Dec 2024,8.0,140256.0,100.97603163501026,140256.0,5.774835629135295,140256.0,2.6079975829911017,140256.0,674.84575,140256.0,-MISSING-,-MISSING-
FI-Sod,ICOS,187.0,26.63859066,67.36238641,ENF,,,,ICOSETC_FI-Sod_ARCHIVE_L2,..\data\source\icos\ICOSETC_FI-Sod_ARCHIVE_L2,..\data\source\icos\ICOSETC_FI-Sod_ARCHIVE_L2\ICOSETC_FI-Sod_FLUXNET_HH_L2.csv,,,,..\data\merged_to_parquet\FI-Sod_ENF_ICOS_2023-2024.parquet,SW_IN_F,TA_F,VPD_F,P_F,SWC_F_MDS_1,01 Jan 2023,31 Dec 2024,2.0,35088.0,87.23256740196078,35088.0,1.1648196249430005,35088.0,2.2744972640218877,35088.0,587.319,35088.0,9.036287029346623,28896
FI-Var,ICOS,395.0,29.61,67.7549,ENF,,,,ICOSETC_FI-Var_ARCHIVE_L2,..\data\source\icos\ICOSETC_FI-Var_ARCHIVE_L2,..\data\source\icos\ICOSETC_FI-Var_ARCHIVE_L2\ICOSETC_FI-Var_FLUXNET_HH_L2.csv,,,,..\data\merged_to_parquet\FI-Var_ENF_ICOS_2017-2024.parquet,SW_IN_F,TA_F,VPD_F,P_F,SWC_F_MDS_1,01 Jan 2017,31 Dec 2024,8.0,140256.0,81.38524364020076,140256.0,0.18454391255989044,140256.0,1.926625834188912,140256.0,552.281625,140256.0,15.300898613963044,140256
FR-Bil,ICOS,39.18,-0.956092,44.493653,ENF,,,,ICOSETC_FR-Bil_ARCHIVE_L2,..\data\source\icos\ICOSETC_FR-Bil_ARCHIVE_L2,..\data\source\icos\ICOSETC_FR-Bil_ARCHIVE_L2\ICOSETC_FR-Bil_FLUXNET_HH_L2.csv,,,,..\data\merged_to_parquet\FR-Bil_ENF_ICOS_2019-2024.parquet,SW_IN_F,TA_F,VPD_F,P_F,SWC_F_MDS_1,01 Jan 2019,31 Dec 2024,6.0,105216.0,154.6600693430657,105216.0,14.150648152372264,105216.0,4.7499450083637464,105216.0,1124.358,105216.0,11.876843526044398,91536
FR-FBn,ICOS,436.0,5.67865,43.24079,ENF,,,,ICOSETC_FR-FBn_ARCHIVE_L2,..\data\source\icos\ICOSETC_FR-FBn_ARCHIVE_L2,..\data\source\icos\ICOSETC_FR-FBn_ARCHIVE_L2\ICOSETC_FR-FBn_FLUXNET_HH_L2.csv,,,,..\data\merged_to_parquet\FR-FBn_ENF_ICOS_2022-2024.parquet,SW_IN_F,TA_F,VPD_F,P_F,SWC_F_MDS_1,01 Jan 2022,31 Dec 2024,3.0,52608.0,184.27840337971406,52608.0,15.121021688716546,52608.0,7.298284614507301,52608.0,592.493,52608.0,16.48693277600849,37680
FR-Fon,ICOS,103.0,2.780096,48.476358,DBF,,,,ICOSETC_FR-Fon_ARCHIVE_L2,..\data\source\icos\ICOSETC_FR-Fon_ARCHIVE_L2,..\data\source\icos\ICOSETC_FR-Fon_ARCHIVE_L2\ICOSETC_FR-Fon_FLUXNET_HH_L2.csv,,,,..\data\merged_to_parquet\FR-Fon_DBF_ICOS_2019-2024.parquet,SW_IN_F,TA_F,VPD_F,P_F,SWC_F_MDS_1,01 Jan 2019,31 Dec 2024,6.0,105216.0,137.7260780964872,105216.0,12.4679296875,105216.0,4.6342929687500005,105216.0,592.5136666666666,105216.0,20.641887683534346,91536
FR-Hes,ICOS,300.0,7.06465,48.6741,DBF,,,,ICOSETC_FR-Hes_ARCHIVE_L2,..\data\source\icos\ICOSETC_FR-Hes_ARCHIVE_L2,..\data\source\icos\ICOSETC_FR-Hes_ARCHIVE_L2\ICOSETC_FR-Hes_FLUXNET_HH_L2.csv,,,,..\data\merged_to_parquet\FR-Hes_DBF_ICOS_2022-2024.parquet,SW_IN_F,TA_F,VPD_F,P_F,SWC_F_MDS_1,01 Jan 2022,31 Dec 2024,3.0,52608.0,144.8067135796837,52608.0,11.742630987682482,52608.0,4.717510321624089,52608.0,893.1663333333332,52608.0,19.987575483401784,46752
FR-Pue,ICOS,194.0,3.5957,43.7413,EBF,,,,ICOSETC_FR-Pue_ARCHIVE_L2,..\data\source\icos\ICOSETC_FR-Pue_ARCHIVE_L2,..\data\source\icos\ICOSETC_FR-Pue_ARCHIVE_L2\ICOSETC_FR-Pue_FLUXNET_HH_L2.csv,,,,..\data\merged_to_parquet\FR-Pue_EBF_ICOS_2021-2024.parquet,SW_IN_F,TA_F,VPD_F,P_F,SWC_F_MDS_1,01 Jan 2021,31 Dec 2024,4.0,70128.0,169.9704658909423,70128.0,15.059200319415927,70128.0,7.496305912046544,70128.0,772.33925,70128.0,12.988399293540944,55488
GF-Guy,ICOS,40.0,-52.9248,5.2787,EBF,,,,ICOSETC_GF-Guy_ARCHIVE_L2,..\data\source\icos\ICOSETC_GF-Guy_ARCHIVE_L2,..\data\source\icos\ICOSETC_GF-Guy_ARCHIVE_L2\ICOSETC_GF-Guy_FLUXNET_HH_L2.csv,,,,..\data\merged_to_parquet\GF-Guy_EBF_ICOS_2017-2024.parquet,SW_IN_F,TA_F,VPD_F,P_F,SWC_F_MDS_1,01 Jan 2017,31 Dec 2024,8.0,140256.0,195.5456761421971,140256.0,26.08506217915811,140256.0,4.657506259981748,140256.0,3243.8125000000005,140256.0,22.896244816621035,140256
IT-BFt,ICOS,23.0,10.741966,45.197755,DBF,,,,ICOSETC_IT-BFt_ARCHIVE_L2,..\data\source\icos\ICOSETC_IT-BFt_ARCHIVE_L2,..\data\source\icos\ICOSETC_IT-BFt_ARCHIVE_L2\ICOSETC_IT-BFt_FLUXNET_HH_L2.csv,,,,..\data\merged_to_parquet\IT-BFt_DBF_ICOS_2019-2024.parquet,SW_IN_F,TA_F,VPD_F,P_F,SWC_F_MDS_1,01 Jan 2019,31 Dec 2024,6.0,105216.0,125.65742941187652,105216.0,15.715877243004863,105216.0,6.503148076338198,105216.0,649.4666666666668,105216.0,27.875505731067523,105216
IT-Cp2,ICOS,19.0,12.3572931289673,41.7042655944824,MF,,,,ICOSETC_IT-Cp2_ARCHIVE_L2,..\data\source\icos\ICOSETC_IT-Cp2_ARCHIVE_L2,..\data\source\icos\ICOSETC_IT-Cp2_ARCHIVE_L2\ICOSETC_IT-Cp2_FLUXNET_HH_L2.csv,,,,..\data\merged_to_parquet\IT-Cp2_MF_ICOS_2021-2024.parquet,SW_IN_F,TA_F,VPD_F,P_F,SWC_F_MDS_1,01 Jan 2021,31 Dec 2024,4.0,70128.0,167.4607702629478,70128.0,17.016792807437827,70128.0,4.826907226785306,70128.0,877.989,70128.0,10.505309898088935,54263
IT-Ren,ICOS,1687.0,11.43369,46.58686,ENF,,,,ICOSETC_IT-Ren_ARCHIVE_L2,..\data\source\icos\ICOSETC_IT-Ren_ARCHIVE_L2,..\data\source\icos\ICOSETC_IT-Ren_ARCHIVE_L2\ICOSETC_IT-Ren_FLUXNET_HH_L2.csv,,,,..\data\merged_to_parquet\IT-Ren_ENF_ICOS_2021-2024.parquet,SW_IN_F,TA_F,VPD_F,P_F,SWC_F_MDS_1,01 Jan 2021,31 Dec 2024,4.0,70128.0,154.31854631530916,70128.0,4.595662217659137,70128.0,3.3040665925165413,70128.0,619.055,70128.0,26.958701322808537,55488
IT-SR2,ICOS,4.0,10.29091,43.732022,ENF,,,,ICOSETC_IT-SR2_ARCHIVE_L2,..\data\source\icos\ICOSETC_IT-SR2_ARCHIVE_L2,..\data\source\icos\ICOSETC_IT-SR2_ARCHIVE_L2\ICOSETC_IT-SR2_FLUXNET_HH_L2.csv,,,,..\data\merged_to_parquet\IT-SR2_ENF_ICOS_2019-2024.parquet,SW_IN_F,TA_F,VPD_F,P_F,SWC_F_MDS_1,01 Jan 2019,31 Dec 2024,6.0,105216.0,174.22707744069342,105216.0,16.05219263229927,105216.0,4.874298034519464,105216.0,1086.896,105216.0,9.07543727946067,88703
IT-TrF,ICOS,2100.0,7.56089,45.82376,DNF,,,,ICOSETC_IT-TrF_ARCHIVE_L2,..\data\source\icos\ICOSETC_IT-TrF_ARCHIVE_L2,..\data\source\icos\ICOSETC_IT-TrF_ARCHIVE_L2\ICOSETC_IT-TrF_FLUXNET_HH_L2.csv,,,,..\data\merged_to_parquet\IT-TrF_DNF_ICOS_2012-2024.parquet,SW_IN_F,TA_F,VPD_F,P_F,SWC_F_MDS_1,01 Jan 2012,31 Dec 2024,13.0,227952.0,167.19260526338883,227952.0,4.544822787253457,227952.0,3.508222660911069,227952.0,919.4330000000001,227952.0,16.769717832240246,217275
NL-Loo,ICOS,33.0,5.74355,52.16644722,ENF,,,,ICOSETC_NL-Loo_ARCHIVE_L2,..\data\source\icos\ICOSETC_NL-Loo_ARCHIVE_L2,..\data\source\icos\ICOSETC_NL-Loo_ARCHIVE_L2\ICOSETC_NL-Loo_FLUXNET_HH_L2.csv,,,,..\data\merged_to_parquet\NL-Loo_ENF_ICOS_2023-2024.parquet,SW_IN_F,TA_F,VPD_F,P_F,SWC_F_MDS_1,01 Jan 2023,31 Dec 2024,2.0,35088.0,120.0149554263566,35088.0,11.526177040583676,35088.0,3.649210470816233,35088.0,1149.1945000000003,35088.0,8.996308752025932,29616
NO-Hur,ICOS,319.0,11.0794898767,60.3716329214,ENF,,,,ICOSETC_NO-Hur_ARCHIVE_L2,..\data\source\icos\ICOSETC_NO-Hur_ARCHIVE_L2,..\data\source\icos\ICOSETC_NO-Hur_ARCHIVE_L2\ICOSETC_NO-Hur_FLUXNET_HH_L2.csv,,,,..\data\merged_to_parquet\NO-Hur_ENF_ICOS_2023-2024.parquet,SW_IN_F,TA_F,VPD_F,P_F,SWC_F_MDS_1,01 Jan 2023,31 Dec 2024,2.0,35088.0,98.95534721272229,35088.0,5.066390076379389,35088.0,2.7595098324213407,35088.0,912.3815,35088.0,40.76548742576095,21552
SE-Htm,ICOS,111.0,13.41897,56.09763,ENF,,,,ICOSETC_SE-Htm_ARCHIVE_L2,..\data\source\icos\ICOSETC_SE-Htm_ARCHIVE_L2,..\data\source\icos\ICOSETC_SE-Htm_ARCHIVE_L2\ICOSETC_SE-Htm_FLUXNET_HH_L2.csv,,,,..\data\merged_to_parquet\SE-Htm_ENF_ICOS_2018-2024.parquet,SW_IN_F,TA_F,VPD_F,P_F,SWC_F_MDS_1,01 Jan 2018,31 Dec 2024,7.0,122736.0,122.29895570166865,122736.0,8.77278814691696,122736.0,2.341992357580498,122736.0,853.3354285714286,122736.0,24.890812787472942,118272
SE-Nor,ICOS,58.0,17.47950278,60.08649722,ENF,,,,ICOSETC_SE-Nor_ARCHIVE_L2,..\data\source\icos\ICOSETC_SE-Nor_ARCHIVE_L2,..\data\source\icos\ICOSETC_SE-Nor_ARCHIVE_L2\ICOSETC_SE-Nor_FLUXNET_HH_L2.csv,,,,..\data\merged_to_parquet\SE-Nor_ENF_ICOS_2018-2024.parquet,SW_IN_F,TA_F,VPD_F,P_F,SWC_F_MDS_1,01 Jan 2018,31 Dec 2024,7.0,122736.0,114.26116704960239,122736.0,7.108741159887889,122736.0,3.0854858476730547,122736.0,556.2727142857144,122736.0,17.13301362498159,108624
SE-Svb,ICOS,305.0,19.7745,64.25611,ENF,,,,ICOSETC_SE-Svb_ARCHIVE_L2,..\data\source\icos\ICOSETC_SE-Svb_ARCHIVE_L2,..\data\source\icos\ICOSETC_SE-Svb_ARCHIVE_L2\ICOSETC_SE-Svb_FLUXNET_HH_L2.csv,,,,..\data\merged_to_parquet\SE-Svb_ENF_ICOS_2019-2024.parquet,SW_IN_F,TA_F,VPD_F,P_F,SWC_F_MDS_1,01 Jan 2019,31 Dec 2024,6.0,105216.0,106.77601264066304,105216.0,3.7784136728254256,105216.0,2.772203989887469,105216.0,581.0605,105216.0,28.616581787537896,100272
